Workbook

Sheet combined_reports
A1: source_file | B1: yaw | C1: velocity | D1: Downforce ALL | E1: Drag ALL | F1: -Cl | G1: Cd | H1: ClA | I1: CdA | J1: Aerodynamic Efficiency | K1: Percent downforce on front tire | L1: Percent downforce on rear tire | M1: Cl Mean | N1: Cl Variance | O1: Cl CoV | P1: Cd Mean | Q1: Cd Variance | R1: Cd CoV | S1: AeroBalance Mean | T1: AeroBalance Variance | U1: AeroBalance CoV | V1: Downforce Front Wing ALL | W1: Drag Front Wing ALL | X1: Downforce wing front 1 | Y1: Downforce wing front 2 | Z1: Downforce wing front 3 | AA1: Downforce wing front 4 | AB1: Downforce wing front 5 | AC1: Drag wing front 1 | AD1: Drag wing front 2 | AE1: Drag wing front 3 | AF1: Drag wing front 4 | AG1: Drag wing front 5 | AH1: Downforce wing front end plate 1 | AI1: Downforce wing front end plate 2 | AJ1: Downforce wing front end plate 3 | AK1: Drag wing front end plate 1 | AL1: Drag wing front end plate 2 | AM1: Drag wing front end plate 3 | AN1: Downforce Jacking Bar | AO1: Drag Jacking Bar | AP1: Downforce Rear Wing ALL | AQ1: Drag Rear Wing ALL | AR1: Downforce wing rear 1 | AS1: Downforce wing rear 2 | AT1: Downforce wing rear 3 | AU1: Downforce wing rear 4 | AV1: Downforce wing rear 5 | AW1: Drag wing rear 1 | AX1: Drag wing rear 2 | AY1: Drag wing rear 3 | AZ1: Drag wing rear 4 | BA1: Drag wing rear 5 | BB1: Downforce wing rear end plate | BC1: Drag wing rear end plate | BD1: Downforce Sidepods | BE1: Drag Sidepods | BF1: Downforce wing side 1 | BG1: Downforce wing side 2 | BH1: Downforce wing side 3 | BI1: Downforce wing side 4 | BJ1: Drag wing side 1 | BK1: Drag wing side 2 | BL1: Drag wing side 3 | BM1: Drag wing side 4 | BN1: Downforce Suspension Covers | BO1: Drag Suspension Covers | BP1: Downforce Moustaches | BQ1: Drag Moustaches | BR1: Downforce Diffuser | BS1: Drag Diffuser | BT1: Downforce Chassis | BU1: Drag Chassis | BV1: Downforce Center body | BW1: Drag Center body | BX1: Nosecone Cl | BY1: Nosecone Cd | BZ1: Nosecone FA | CA1: Downforce Suspension | CB1: Drag Suspension | CC1: Downforce Powertrain | CD1: Drag Powertrain | CE1: Downforce Mounts | CF1: Drag Mounts | CG1: Downforce Intake manifold | CH1: Drag Intake manifold | CI1: Drag wheel front | CJ1: Drag wheel rear | CK1: Front Tire Drag | CL1: Drag driver | CM1: Drag head rest | CN1: Downforce Radiator Shrouds | CO1: Drag Radiator Shrouds | CP1: Radiator Mass Flow | CQ1: Surface Average Fan Velocity | CR1: Fan volumetric flow rate | CS1: Mass Flow of fan | CT1: Force_x | CU1: Force_y | CV1: XF_Z | CW1: ZF_X | CX1: X_Coord | CY1: Z_Coord | CZ1: Planform area of the car | DA1: Frontal area of the car | DB1: Simulation Velocity | DC1: Density of Air | DD1: CFL Number | DE1: Solver Iteration Elapsed Time | DF1: Total Solver Elapsed Time | DG1: Average Solver Iteration Time
A2: Go4-26_BiggerDomain_FullCar_2__1__-2degyaw_10ms---_Reports.csv | B2: -2 | C2: 10 | D2: 239.44479 | E2: 93.204865 | F2: =D2/(0.5*DC2*DA2*(DB2^2)) -> 3.4109294 | G2: 1.3277183 | H2: 1.5264309 | I2: 0.59607276 | J2: 2.569016 | K2: 63.414031 | L2: 36.585969 | M2: 3.4023786 | N2: 2.0304961e-05 | O2: 0.0013243978 | P2: 1.3292505 | Q2: 8.1168276e-06 | R2: 0.0021433166 | S2: 63.405497 | T2: 0.0049327329 | U2: 0.0011076866 | V2: 87.145655 | W2: 18.979896 | X2: 67.783484 | Y2: 5.587262 | Z2: 4.3328975 | AA2: 2.0366791 | AB2: 2.2237666 | AC2: 2.6411456 | AD2: 2.5329143 | AE2: 2.0264272 | AF2: 2.0190441 | AG2: 3.6918705 | AH2: 4.0419748 | AI2: 0.43343022 | AJ2: 0.70616142 | AK2: 1.6181269 | AL2: 0.32834257 | AM2: 0.43015406 | AN2: 0 | AO2: 0 | AP2: 90.651078 | AQ2: 47.21956 | AR2: 68.026263 | AS2: 20.494855 | AT2: 1.4564591 | AU2: 0 | AV2: 0 | AW2: 11.817531 | AX2: 25.976536 | AY2: 8.0314105 | AZ2: 0 | BA2: 0 | BB2: -0.78295859 | BC2: 1.3940825 | BD2: 62.45995 | BE2: 8.7409298 | BF2: 0 | BG2: 0 | BH2: 0 | BI2: 0 | BJ2: 0 | BK2: 0 | BL2: 0 | BM2: 0 | BN2: 0 | BO2: 0 | BP2: 0 | BQ2: 0 | BR2: 0 | BS2: 0 | BT2: -0.035280403 | BU2: 0.65522803 | BV2: 6.0023164 | BW2: 10.995808 | BX2: 0 | BY2: 0 | BZ2: 0 | CA2: -0.14008455 | CB2: 4.6482735 | CC2: 0 | CD2: 0 | CE2: 0 | CF2: 0 | CG2: 0 | CH2: 0 | CI2: 0.9579222 | CJ2: 1.6816369 | CK2: 0.9579222 | CL2: 2.6763458 | CM2: 0 | CN2: -0.653421 | CO2: -0.069880956 | CP2: 0.10777914 | CQ2: 0 | CR2: 0 | CS2: 0 | CT2: 93.204865 | CU2: -239.44479 | CV2: -229.92308 | CW2: 44.363963 | CX2: 0.96023422 | CY2: 0.47598334 | CZ2: 3.451659 | DA2: 1.1137216 | DB2: 10.415735 | DC2: 1.162 | DD2: 100 | DE2: 472.563 | DF2: 107.93394 | DG2: 485.70271
A3: Go4-26_BiggerDomain_FullCar_2_0degyaw_10ms_Reports.csv | B3: 0 | C3: 10 | D3: 242.03866 | E3: 94.606276 | F3: =D3/(0.5*DC3*DA3*(DB3^2)) -> 3.4460563 | G3: 1.3469689 | H3: 1.5421506 | I3: 0.60439549 | J3: 2.5583785 | K3: 62.975533 | L3: 37.024467 | M3: 3.4346666 | N3: 1.066845e-06 | O3: 0.00030072261 | P3: 1.3465103 | Q3: 2.2462712e-07 | R3: 0.00035198279 | S3: 62.970784 | T3: 7.5700552e-05 | U3: 0.00013816894 | V3: 86.79534 | W3: 18.77177 | X3: 67.390584 | Y3: 5.6043969 | Z3: 4.3662512 | AA3: 2.0534716 | AB3: 2.2151148 | AC3: 2.3915606 | AD3: 2.5420414 | AE3: 2.0339737 | AF3: 2.0326509 | AG3: 3.6738848 | AH3: 4.0266306 | AI3: 0.4337077 | AJ3: 0.70518305 | AK3: 1.6448744 | AL3: 0.33955814 | AM3: 0.43934161 | AN3: 0 | AO3: 0 | AP3: 91.821332 | AQ3: 48.362741 | AR3: 68.786935 | AS3: 20.917934 | AT3: 1.4367862 | AU3: 0 | AV3: 0 | AW3: 12.222178 | AX3: 26.598656 | AY3: 7.9579997 | AZ3: 0 | BA3: 0 | BB3: -0.75710995 | BC3: 1.5839065 | BD3: 63.878175 | BE3: 8.8900017 | BF3: 0 | BG3: 0 | BH3: 0 | BI3: 0 | BJ3: 0 | BK3: 0 | BL3: 0 | BM3: 0 | BN3: 0 | BO3: 0 | BP3: 0 | BQ3: 0 | BR3: 0 | BS3: 0 | BT3: -0.017894555 | BU3: 0.66777714 | BV3: 6.422974 | BW3: 11.401142 | BX3: 0 | BY3: 0 | BZ3: 0 | CA3: -0.1458251 | CB3: 4.6855299 | CC3: 0 | CD3: 0 | CE3: 0 | CF3: 0 | CG3: 0 | CH3: 0 | CI3: 0.97002346 | CJ3: 1.4731112 | CK3: 0.97002346 | CL3: 2.7107777 | CM3: 0 | CN3: -0.8191062 | CO3: -0.051876299 | CP3: 0.10639776 | CQ3: 0 | CR3: 0 | CS3: 0 | CT3: 94.606276 | CU3: -242.03866 | CV3: -234.47744 | CW3: 45.307342 | CX3: 0.96876025 | CY3: 0.47890419 | CZ3: 3.451008 | DA3: 1.1143109 | DB3: 10.415735 | DC3: 1.162 | DD3: 100 | DE3: 23.604 | DF3: 3.3717633 | DG3: 24.084024
A4: Go4-26_BiggerDomain_FullCar_2_-4degyaw_10ms_Reports.csv | B4: -4 | C4: 10 | D4: 235.03387 | E4: 91.650569 | F4: =D4/(0.5*DC4*DA4*(DB4^2)) -> 3.346445 | G4: 1.3049336 | H4: 1.4975733 | I4: 0.58555498 | J4: 2.5644562 | K4: 63.785716 | L4: 36.214284 | M4: 3.3360393 | N4: 1.3098835e-06 | O4: 0.00034307193 | P4: 1.304598 | Q4: 1.4341268e-08 | R4: 9.1794583e-05 | S4: 63.777174 | T4: 5.9026182e-05 | U4: 0.00012046394 | V4: 86.348361 | W4: 18.833513 | X4: 67.163895 | Y4: 5.5481231 | Z4: 4.2704704 | AA4: 2.0498973 | AB4: 2.1670687 | AC4: 2.6412671 | AD4: 2.4938515 | AE4: 1.9914404 | AF4: 2.0225922 | AG4: 3.6328188 | AH4: 3.9837508 | AI4: 0.43602397 | AJ4: 0.72913189 | AK4: 1.624022 | AL4: 0.33706602 | AM4: 0.45763611 | AN4: 0 | AO4: 0 | AP4: 88.501424 | AQ4: 45.887687 | AR4: 66.692156 | AS4: 19.807232 | AT4: 1.4015439 | AU4: 0 | AV4: 0 | AW4: 11.532149 | AX4: 25.175785 | AY4: 7.8688046 | AZ4: 0 | BA4: 0 | BB4: -0.80105205 | BC4: 1.3109485 | BD4: 61.150122 | BE4: 8.3746346 | BF4: 0 | BG4: 0 | BH4: 0 | BI4: 0 | BJ4: 0 | BK4: 0 | BL4: 0 | BM4: 0 | BN4: 0 | BO4: 0 | BP4: 0 | BQ4: 0 | BR4: 0 | BS4: 0 | BT4: -0.00589955 | BU4: 0.62313452 | BV4: 6.0579768 | BW4: 10.997761 | BX4: 0 | BY4: 0 | BZ4: 0 | CA4: -0.19368879 | CB4: 4.5926493 | CC4: 0 | CD4: 0 | CE4: 0 | CF4: 0 | CG4: 0 | CH4: 0 | CI4: 1.0485571 | CJ4: 1.9861913 | CK4: 1.0485571 | CL4: 2.6047616 | CM4: 0 | CN4: -0.36458363 | CO4: -0.081105949 | CP4: 0.11093237 | CQ4: 0 | CR4: 0 | CS4: 0 | CT4: 91.650569 | CU4: -235.03387 | CV4: -223.98906 | CW4: 43.229143 | CX4: 0.95300761 | CY4: 0.47167349 | CZ4: 3.4516555 | DA4: 1.1142708 | DB4: 10.415735 | DC4: 1.162 | DD4: 100 | DE4: 25.32 | DF4: 4.1648583 | DG4: 25.156862
A5: Go4-26_BiggerDomain_FullCar_2_-4degyaw_15ms_Copy_Reports.csv | B5: -4 | C5: 15 | D5: 941.42909 | E5: 355.99431 | F5: =D5/(0.5*DC5*DA5*(DB5^2)) -> 5.974504 | G5: 2.2592136 | H5: 2.6736605 | I5: 1.0137633 | J5: 2.644506 | K5: 64.243045 | L5: 35.756955 | M5: 3.4037462 | N5: 3.1647045e-06 | O5: 0.00052264814 | P5: 1.2934946 | Q5: 6.2486087e-06 | R5: 0.0019325335 | S5: 64.159135 | T5: 0.002398091 | U5: 0.00076326321 | V5: 348.69973 | W5: 75.031258 | X5: 271.31649 | Y5: 22.353834 | Z5: 16.893306 | AA5: 8.3419868 | AB5: 8.7700526 | AC5: 9.8671483 | AD5: 10.075559 | AE5: 7.8911848 | AF5: 8.1878526 | AG5: 14.723756 | AH5: 16.243321 | AI5: 1.8025061 | AJ5: 2.9782367 | AK5: 6.39177 | AL5: 1.3704724 | AM5: 1.7997586 | AN5: 0 | AO5: 0 | AP5: 352.59323 | AQ5: 178.20227 | AR5: 267.4067 | AS5: 76.484253 | AT5: 5.7217975 | AU5: 0 | AV5: 0 | AW5: 43.848816 | AX5: 97.350566 | AY5: 31.932979 | AZ5: 0 | BA5: 0 | BB5: -2.7413193 | BC5: 5.0699077 | BD5: 247.20415 | BE5: 33.094199 | BF5: 0 | BG5: 0 | BH5: 0 | BI5: 0 | BJ5: 0 | BK5: 0 | BL5: 0 | BM5: 0 | BN5: 0 | BO5: 0 | BP5: 0 | BQ5: 0 | BR5: 0 | BS5: 0 | BT5: -0.065552557 | BU5: 2.12613 | BV5: 19.784565 | BW5: 43.203682 | BX5: 0 | BY5: 0 | BZ5: 0 | CA5: 0.012560475 | CB5: 17.425517 | CC5: 0 | CD5: 0 | CE5: 0 | CF5: 0 | CG5: 0 | CH5: 0 | CI5: 3.7113854 | CJ5: 6.9005011 | CK5: 3.7113854 | CL5: 9.4699071 | CM5: 0 | CN5: -2.4154166 | CO5: -0.094487622 | CP5: 0.22315145 | CQ5: 0 | CR5: 0 | CS5: 0 | CT5: 355.99431 | CU5: -941.42909 | CV5: -888.81814 | CW5: 168.35469 | CX5: 0.94411587 | CY5: 0.47291401 | CZ5: 3.4516555 | DA5: 1.1142708 | DB5: 15.601252 | DC5: 1.162 | DD5: 100 | DE5: 49.926 | DF5: 6.9451094 | DG5: 25.002394
A6: Go4-26_BiggerDomain_FullCar_2_8degyaw_10ms_Reports.csv | B6: 8 | C6: 10 | D6: 216.79269 | E6: 86.719762 | F6: =D6/(0.5*DC6*DA6*(DB6^2)) -> 3.0865021 | G6: 1.234639 | H6: 1.3812459 | I6: 0.55397219 | J6: 2.4999225 | K6: 65.500101 | L6: 34.499899 | M6: 3.0831048 | N6: 5.4602761e-06 | O6: 0.00075791239 | P6: 1.2350415 | Q6: 2.0203888e-07 | R6: 0.00036394513 | S6: 65.471326 | T6: 0.00018066382 | U6: 0.00020529788 | V6: 82.951255 | W6: 17.766994 | X6: 64.792691 | Y6: 5.3505025 | Z6: 3.9271463 | AA6: 2.0073305 | AB6: 1.9925238 | AC6: 2.359509 | AD6: 2.4184791 | AE6: 1.8167006 | AF6: 1.9902291 | AG6: 3.4311892 | AH6: 3.7996225 | AI6: 0.42836956 | AJ6: 0.65306964 | AK6: 1.5498339 | AL6: 0.33280933 | AM6: 0.43705461 | AN6: 0 | AO6: 0 | AP6: 79.230091 | AQ6: 41.295736 | AR6: 60.055338 | AS6: 17.228278 | AT6: 1.2820822 | AU6: 0 | AV6: 0 | AW6: 10.200151 | AX6: 22.212887 | AY6: 7.6700269 | AZ6: 0 | BA6: 0 | BB6: -0.61769006 | BC6: 1.2126716 | BD6: 56.735263 | BE6: 7.6632694 | BF6: 0 | BG6: 0 | BH6: 0 | BI6: 0 | BJ6: 0 | BK6: 0 | BL6: 0 | BM6: 0 | BN6: 0 | BO6: 0 | BP6: 0 | BQ6: 0 | BR6: 0 | BS6: 0 | BT6: -0.045851071 | BU6: 0.61698674 | BV6: 5.5171582 | BW6: 10.640609 | BX6: 0 | BY6: 0 | BZ6: 0 | CA6: -0.20530969 | CB6: 4.3521575 | CC6: 0 | CD6: 0 | CE6: 0 | CF6: 0 | CG6: 0 | CH6: 0 | CI6: 1.4210163 | CJ6: 3.4022162 | CK6: 1.4210163 | CL6: 2.6224752 | CM6: 0 | CN6: -0.035815997 | CO6: -0.17009172 | CP6: 0.11128442 | CQ6: 0 | CR6: 0 | CS6: 0 | CT6: 86.719762 | CU6: -216.79269 | CV6: -199.37896 | CW6: 39.492027 | CX6: 0.91967567 | CY6: 0.45539823 | CZ6: 3.4519273 | DA6: 1.1143511 | DB6: 10.415735 | DC6: 1.162 | DD6: 100 | DE6: 705.081 | DF6: 100.09589 | DG6: 720.69039
A7: Go4-26_BiggerDomain_FullCar_2_NEG6degyaw_10ms_Copy_Reports.csv | B7: -6 | C7: 10 | D7: 242.03201 | E7: 94.595933 | F7: =D7/(0.5*DC7*DA7*(DB7^2)) -> 3.4459616 | G7: 1.3468217 | H7: 1.5421082 | I7: 0.60432942 | J7: 2.5585879 | K7: 62.974173 | L7: 37.025827 | M7: 3.4346251 | N7: 9.2746896e-07 | O7: 0.00028039506 | P7: 1.3465306 | Q7: 2.5277364e-07 | R7: 0.00037337881 | S7: 62.969336 | T7: 0.00011474688 | U7: 0.0001701145 | V7: 86.790811 | W7: 18.770706 | X7: 67.387318 | Y7: 5.6042092 | Z7: 4.3658496 | AA7: 2.0534553 | AB7: 2.2149027 | AC7: 2.3912927 | AD7: 2.5419952 | AE7: 2.0337955 | AF7: 2.0326436 | AG7: 3.6736595 | AH7: 4.0262299 | AI7: 0.43371106 | AJ7: 0.7051359 | AK7: 1.6447542 | AL7: 0.33956638 | AM7: 0.43933976 | AN7: 0 | AO7: 0 | AP7: 91.824699 | AQ7: 48.358737 | AR7: 68.791488 | AS7: 20.916386 | AT7: 1.4368549 | AU7: 0 | AV7: 0 | AW7: 12.220649 | AX7: 26.596907 | AY7: 7.9577103 | AZ7: 0 | BA7: 0 | BB7: -0.75688496 | BC7: 1.5834709 | BD7: 63.873198 | BE7: 8.8894415 | BF7: 0 | BG7: 0 | BH7: 0 | BI7: 0 | BJ7: 0 | BK7: 0 | BL7: 0 | BM7: 0 | BN7: 0 | BO7: 0 | BP7: 0 | BQ7: 0 | BR7: 0 | BS7: 0 | BT7: -0.017923399 | BU7: 0.66783493 | BV7: 6.4189325 | BW7: 11.402113 | BX7: 0 | BY7: 0 | BZ7: 0 | CA7: -0.14566977 | CB7: 4.6865924 | CC7: 0 | CD7: 0 | CE7: 0 | CF7: 0 | CG7: 0 | CH7: 0 | CI7: 0.96347707 | CJ7: 1.4723908 | CK7: 0.96347707 | CL7: 2.7118191 | CM7: 0 | CN7: -0.81711972 | CO7: -0.05240356 | CP7: 0.10643042 | CQ7: 0 | CR7: 0 | CS7: 0 | CT7: 94.595933 | CU7: -242.03201 | CV7: -234.47739 | CW7: 45.30504 | CX7: 0.9687867 | CY7: 0.47893222 | CZ7: 3.451008 | DA7: 1.1143109 | DB7: 10.415735 | DC7: 1.162 | DD7: 100 | DE7: 47.777 | DF7: 3.5341664 | DG7: 25.445998
A8: Go4-26_BiggerDomain_FullCar_2_NEG6degyaw_15ms_Reports.csv | B8: -6 | C8: 15 | D8: 547.05808 | E8: 211.61707 | F8: =D8/(0.5*DC8*DA8*(DB8^2)) -> 3.4915995 | G8: 1.3506465 | H8: 1.5625317 | I8: 0.60604563 | J8: 2.5851321 | K8: 63.15459 | L8: 36.84541 | M8: 3.4826994 | N8: 2.1407812e-07 | O8: 0.00013285263 | P8: 1.350686 | Q8: 1.8701804e-07 | R8: 0.00032017496 | S8: 63.166537 | T8: 6.0484414e-05 | U8: 0.00012312172 | V8: 196.69877 | W8: 42.296521 | X8: 152.7595 | Y8: 12.68702 | Z8: 9.8131128 | AA8: 4.6849154 | AB8: 5.036724 | AC8: 5.1457621 | AD8: 5.7660581 | AE8: 4.5759135 | AF8: 4.6188626 | AG8: 8.3799304 | AH8: 9.1073939 | AI8: 0.99613238 | AJ8: 1.6139653 | AK8: 3.6751014 | AL8: 0.77318693 | AM8: 0.98177562 | AN8: 0 | AO8: 0 | AP8: 207.45313 | AQ8: 108.34345 | AR8: 155.55632 | AS8: 46.901452 | AT8: 3.2989054 | AU8: 0 | AV8: 0 | AW8: 27.111433 | AX8: 59.701818 | AY8: 18.004509 | AZ8: 0 | BA8: 0 | BB8: -1.6024497 | BC8: 3.5256863 | BD8: 144.66863 | BE8: 19.817039 | BF8: 0 | BG8: 0 | BH8: 0 | BI8: 0 | BJ8: 0 | BK8: 0 | BL8: 0 | BM8: 0 | BN8: 0 | BO8: 0 | BP8: 0 | BQ8: 0 | BR8: 0 | BS8: 0 | BT8: -0.040405494 | BU8: 1.3661222 | BV8: 13.427976 | BW8: 26.005365 | BX8: 0 | BY8: 0 | BZ8: 0 | CA8: -0.10026222 | CB8: 10.250487 | CC8: 0 | CD8: 0 | CE8: 0 | CF8: 0 | CG8: 0 | CH8: 0 | CI8: 1.9343841 | CJ8: 3.3250911 | CK8: 1.9343841 | CL8: 5.8384913 | CM8: 0 | CN8: -1.9891943 | CO8: -0.062756259 | CP8: 0.15691928 | CQ8: 0 | CR8: 0 | CS8: 0 | CT8: 211.61707 | CU8: -547.05808 | CV8: -528.06362 | CW8: 101.59408 | CX8: 0.96527889 | CY8: 0.48008453 | CZ8: 3.451008 | DA8: 1.1143109 | DB8: 15.556549 | DC8: 1.162 | DD8: 100 | DE8: 44.234 | DF8: 3.4805294 | DG8: 25.059812
A9: Go4-26_BiggerDomain_FullCar_2_NEG8degyaw_15ms_Reports.csv | B9: -8 | C9: 15 | D9: 489.79078 | E9: 192.76463 | F9: =D9/(0.5*DC9*DA9*(DB9^2)) -> 3.1259409 | G9: 1.2302617 | H9: 1.3988952 | I9: 0.5520016 | J9: 2.5408748 | K9: 65.959935 | L9: 34.040065 | M9: 3.1305646 | N9: 3.6591412e-05 | O9: 0.001932266 | P9: 1.2361451 | Q9: 1.0839797e-05 | R9: 0.002663429 | S9: 65.722239 | T9: 0.012896463 | U9: 0.0017279173 | V9: 189.17215 | W9: 40.115797 | X9: 147.73684 | Y9: 12.111425 | Z9: 8.9842108 | AA9: 4.5373566 | AB9: 4.5834938 | AC9: 5.1298098 | AD9: 5.4823031 | AE9: 4.1551802 | AF9: 4.4887223 | AG9: 7.8382453 | AH9: 8.7287853 | AI9: 0.97774387 | AJ9: 1.5122901 | AK9: 3.472398 | AL9: 0.74548761 | AM9: 0.9654056 | AN9: 0 | AO9: 0 | AP9: 177.09612 | AQ9: 92.319982 | AR9: 134.12035 | AS9: 38.358057 | AT9: 2.9983312 | AU9: 0 | AV9: 0 | AW9: 22.070048 | AX9: 49.938612 | AY9: 17.625513 | AZ9: 0 | BA9: 0 | BB9: -1.3789565 | BC9: 2.6858077 | BD9: 128.36211 | BE9: 17.70737 | BF9: 0 | BG9: 0 | BH9: 0 | BI9: 0 | BJ9: 0 | BK9: 0 | BL9: 0 | BM9: 0 | BN9: 0 | BO9: 0 | BP9: 0 | BQ9: 0 | BR9: 0 | BS9: 0 | BT9: -0.16253244 | BU9: 1.1679871 | BV9: 12.153773 | BW9: 24.116474 | BX9: 0 | BY9: 0 | BZ9: 0 | CA9: -0.26803343 | CB9: 9.5028 | CC9: 0 | CD9: 0 | CE9: 0 | CF9: 0 | CG9: 0 | CH9: 0 | CI9: 2.9032707 | CJ9: 6.7355774 | CK9: 2.9032707 | CL9: 5.3371911 | CM9: 0 | CN9: -0.11641647 | CO9: -0.49550286 | CP9: 0.17173051 | CQ9: 0 | CR9: 0 | CS9: 0 | CT9: 192.76463 | CU9: -489.79078 | CV9: -446.06941 | CW9: 88.305504 | CX9: 0.9107346 | CY9: 0.45810014 | CZ9: 3.4510638 | DA9: 1.1143643 | DB9: 15.556549 | DC9: 1.162 | DD9: 100 | DE9: 44.936 | DF9: 3.8150664 | DG9: 27.468478
A10: Go4-26_BiggerDomain_FullCar_2_zeroyaw_10ms.csv | B10: 0 | C10: 10 | D10: 242.03345 | E10: 94.638943 | F10: =D10/(0.5*DC10*DA10*(DB10^2)) -> 3.4459771 | G10: 1.3474321 | H10: 1.5421151 | I10: 0.60460247 | J10: 2.5574403 | K10: 62.984089 | L10: 37.015911 | M10: 3.4354891 | N10: 1.0696612e-06 | O10: 0.00030104718 | P10: 1.3468297 | Q10: 4.5074339e-07 | R10: 0.00049848489 | S10: 62.985162 | T10: 6.516394e-05 | U10: 0.00012816381 | V10: 86.8432 | W10: 18.805791 | X10: 67.424028 | Y10: 5.6064565 | Z10: 4.3687846 | AA10: 2.054855 | AB10: 2.2217121 | AC10: 2.3918405 | AD10: 2.5430669 | AE10: 2.0352445 | AF10: 2.0338468 | AG10: 3.6887186 | AH10: 4.0302053 | AI10: 0.43188095 | AJ10: 0.70527773 | AK10: 1.6450233 | AL10: 0.33988581 | AM10: 0.43944624 | AN10: 0 | AO10: 0 | AP10: 91.838642 | AQ10: 48.414592 | AR10: 68.777756 | AS10: 20.944165 | AT10: 1.4378492 | AU10: 0 | AV10: 0 | AW10: 12.238472 | AX10: 26.629104 | AY10: 7.962991 | AZ10: 0 | BA10: 0 | BB10: -0.75897742 | BC10: 1.5840243 | BD10: 63.744862 | BE10: 8.8900828 | BF10: 0 | BG10: 0 | BH10: 0 | BI10: 0 | BJ10: 0 | BK10: 0 | BL10: 0 | BM10: 0 | BN10: 0 | BO10: 0 | BP10: 0 | BQ10: 0 | BR10: 0 | BS10: 0 | BT10: -0.01646053 | BU10: 0.6674698 | BV10: 6.4358402 | BW10: 11.390655 | BX10: 0 | BY10: 0 | BZ10: 0 | CA10: -0.14563511 | CB10: 4.683699 | CC10: 0 | CD10: 0 | CE10: 0 | CF10: 0 | CG10: 0 | CH10: 0 | CI10: 0.96583831 | CJ10: 1.4582242 | CK10: 0.96583831 | CL10: 2.7097479 | CM10: 0 | CN10: -0.80634519 | CO10: -0.055629433 | CP10: 0.10622059 | CQ10: 0 | CR10: 0 | CS10: 0 | CT10: 94.638943 | CU10: -242.03345 | CV10: -234.43212 | CW10: 45.34777 | CX10: 0.9685939 | CY10: 0.47916606 | CZ10: 3.451007 | DA10: 1.1143125 | DB10: 10.415735 | DC10: 1.162 | DD10: 100 | DE10: 21.995 | DF10: 3.1664567 | DG10: 22.177518
A11: Go4-26_BiggerDomain_FullCar_2_zeroyaw_13ms.csv | B11: 0 | C11: 13 | D11: 380.90891 | E11: 147.91425 | F11: =D11/(0.5*DC11*DA11*(DB11^2)) -> 3.4768343 | G11: 1.3501216 | H11: 1.5559242 | I11: 0.60580923 | J11: 2.575201 | K11: 63.041249 | L11: 36.958751 | M11: 3.4602454 | N11: 1.9198889e-05 | O11: 0.0012662841 | P11: 1.3484483 | Q11: 5.4693424e-06 | R11: 0.001734336 | S11: 63.072675 | T11: 0.00033087336 | U11: 0.00028839628 | V11: 136.71467 | W11: 29.478872 | X11: 106.16039 | Y11: 8.8172385 | Z11: 6.8502643 | AA11: 3.2444829 | AB11: 3.5001485 | AC11: 3.6573087 | AD11: 4.0034385 | AE11: 3.192149 | AF11: 3.2041066 | AG11: 5.815419 | AH11: 6.3395793 | AI11: 0.68627854 | AJ11: 1.1162936 | AK11: 2.5699447 | AL11: 0.5355257 | AM11: 0.68556092 | AN11: 0 | AO11: 0 | AP11: 144.51804 | AQ11: 75.70439 | AR11: 108.34249 | AS11: 32.767052 | AT11: 2.2789808 | AU11: 0 | AV11: 0 | AW11: 19.057992 | AX11: 41.667717 | AY11: 12.510526 | AZ11: 0 | BA11: 0 | BB11: -1.149461 | BC11: 2.4681552 | BD11: 100.6098 | BE11: 13.876207 | BF11: 0 | BG11: 0 | BH11: 0 | BI11: 0 | BJ11: 0 | BK11: 0 | BL11: 0 | BM11: 0 | BN11: 0 | BO11: 0 | BP11: 0 | BQ11: 0 | BR11: 0 | BS11: 0 | BT11: -0.027101857 | BU11: 0.99742229 | BV11: 9.6786733 | BW11: 18.0501 | BX11: 0 | BY11: 0 | BZ11: 0 | CA11: -0.13633768 | CB11: 7.244232 | CC11: 0 | CD11: 0 | CE11: 0 | CF11: 0 | CG11: 0 | CH11: 0 | CI11: 1.3758584 | CJ11: 2.2955378 | CK11: 1.3758584 | CL11: 4.1504009 | CM11: 0 | CN11: -1.3471216 | CO11: -0.063300039 | CP11: 0.13226333 | CQ11: 0 | CR11: 0 | CS11: 0 | CT11: 147.91425 | CU11: -380.90891 | CV11: -368.52272 | CW11: 70.933877 | CX11: 0.96748254 | CY11: 0.47956082 | CZ11: 3.451007 | DA11: 1.1143125 | DB11: 13.008494 | DC11: 1.162 | DD11: 100 | DE11: 37.37 | DF11: 6.2434122 | DG11: 22.476284
A12: Go4-26_BiggerDomain_FullCar_zeroyaw_18_Reports.csv | B12: 0 | C12: 18 | D12: 742.28975 | E12: 286.09659 | F12: =D12/(0.5*DC12*DA12*(DB12^2)) -> 3.4979393 | G12: 1.3481911 | H12: 1.5653688 | I12: 0.60494304 | J12: 2.5945425 | K12: 63.274978 | L12: 36.725022 | M12: 3.4868574 | N12: 2.867015e-06 | O12: 0.00048560236 | P12: 1.3487928 | Q12: 3.5278122e-07 | R12: 0.00044035963 | S12: 63.254734 | T12: 0.0011460642 | U12: 0.00053519424 | V12: 267.48103 | W12: 57.460658 | X12: 207.73206 | Y12: 17.268606 | Z12: 13.289579 | AA12: 6.4006295 | AB12: 6.8535406 | AC12: 6.8849207 | AD12: 7.8542957 | AE12: 6.2020012 | AF12: 6.3017639 | AG12: 11.425039 | AH12: 12.368096 | AI12: 1.3661898 | AJ12: 2.2023327 | AK12: 4.977714 | AL12: 1.0581581 | AM12: 1.3317261 | AN12: 0 | AO12: 0 | AP12: 281.90147 | AQ12: 147.3589 | AR12: 211.24751 | AS12: 63.76306 | AT12: 4.5212462 | AU12: 0 | AV12: 0 | AW12: 36.787463 | AX12: 81.190977 | AY12: 24.581942 | AZ12: 0 | BA12: 0 | BB12: -2.1515947 | BC12: 4.7985214 | BD12: 195.91017 | BE12: 26.680039 | BF12: 0 | BG12: 0 | BH12: 0 | BI12: 0 | BJ12: 0 | BK12: 0 | BL12: 0 | BM12: 0 | BN12: 0 | BO12: 0 | BP12: 0 | BQ12: 0 | BR12: 0 | BS12: 0 | BT12: -0.05005011 | BU12: 1.7653762 | BV12: 17.36059 | BW12: 34.708922 | BX12: 0 | BY12: 0 | BZ12: 0 | CA12: -0.050774594 | CB12: 13.666861 | CC12: 0 | CD12: 0 | CE12: 0 | CF12: 0 | CG12: 0 | CH12: 0 | CI12: 2.5544765 | CJ12: 4.4337624 | CK12: 2.5544765 | CL12: 7.7597462 | CM12: 0 | CN12: -2.6863321 | CO12: -0.055747176 | CP12: 0.18224588 | CQ12: 0 | CR12: 0 | CS12: 0 | CT12: 286.09659 | CU12: -742.28975 | CV12: -714.77916 | CW12: 138.03202 | CX12: 0.9629382 | CY12: 0.4824665 | CZ12: 3.451007 | DA12: 1.1143125 | DB12: 18.104604 | DC12: 1.162 | DD12: 100 | DE12: 72.54 | DF12: 7.1264039 | DG12: 63.977691
A13: Go4-26_BiggerDomain_FullCar_zeroyaw_20_7ms_Reports.csv | B13: 0 | C13: 20 | D13: 967.953 | E13: 372.38106 | F13: =D13/(0.5*DC13*DA13*(DB13^2)) -> 3.4901262 | G13: 1.342686 | H13: 1.5618724 | I13: 0.60247284 | J13: 2.5993615 | K13: 63.334096 | L13: 36.665904 | M13: 3.4795099 | N13: 1.4796122e-05 | O13: 0.0011054927 | P13: 1.3437384 | Q13: 1.2495182e-06 | R13: 0.00083187214 | S13: 63.294769 | T13: 0.0005724516 | U13: 0.0003780085 | V13: 349.921 | W13: 75.0037 | X13: 271.84073 | Y13: 22.591617 | Z13: 17.26933 | AA13: 8.3895096 | AB13: 8.9546806 | AC13: 8.8626922 | AD13: 10.283823 | AE13: 8.060421 | AF13: 8.2547155 | AG13: 14.961356 | AH13: 16.189589 | AI13: 1.7998579 | AJ13: 2.885686 | AK13: 6.4925921 | AL13: 1.3908208 | AM13: 1.7359231 | AN13: 0 | AO13: 0 | AP13: 369.18802 | AQ13: 190.61836 | AR13: 277.4761 | AS13: 82.706534 | AT13: 5.9136083 | AU13: 0 | AV13: 0 | AW13: 46.839076 | AX13: 105.3071 | AY13: 32.320658 | AZ13: 0 | BA13: 0 | BB13: -2.8218308 | BC13: 6.1515241 | BD13: 256.28078 | BE13: 34.528187 | BF13: 0 | BG13: 0 | BH13: 0 | BI13: 0 | BJ13: 0 | BK13: 0 | BL13: 0 | BM13: 0 | BN13: 0 | BO13: 0 | BP13: 0 | BQ13: 0 | BR13: 0 | BS13: 0 | BT13: -0.084116378 | BU13: 2.2968496 | BV13: 19.148853 | BW13: 45.416481 | BX13: 0 | BY13: 0 | BZ13: 0 | CA13: 0.020817194 | CB13: 18.456309 | CC13: 0 | CD13: 0 | CE13: 0 | CF13: 0 | CG13: 0 | CH13: 0 | CI13: 3.1949885 | CJ13: 6.0141214 | CK13: 3.1949885 | CL13: 10.350069 | CM13: 0 | CN13: -3.0423184 | CO13: 0.027113645 | CP13: 0.20544148 | CQ13: 0 | CR13: 0 | CS13: 0 | CT13: 372.38106 | CU13: -967.953 | CV13: -930.96633 | CW13: 179.49514 | CX13: 0.96178877 | CY13: 0.48202006 | CZ13: 3.451007 | DA13: 1.1143125 | DB13: 20.697363 | DC13: 1.162 | DD13: 100 | DE13: 40.878 | DF13: 9.6219475 | DG13: 56.785264
... A27: Go4-26_BiggerDomain_FullCar_2_NEG8degyaw_15ms_Reports.csv | B27: -8 | C27: 15 | D27: 489.79078 | E27: 192.76463 | F27: =D27/(0.5*DC27*DA27*(DB27^2)) -> 3.1259409 | G27: 1.2302617 | H27: 1.3988952 | I27: 0.5520016 | J27: 2.5408748 | K27: 65.959935 | L27: 34.040065 | M27: 3.1305646 | N27: 3.6591412e-05 | O27: 0.001932266 | P27: 1.2361451 | Q27: 1.0839797e-05 | R27: 0.002663429 | S27: 65.722239 | T27: 0.012896463 | U27: 0.0017279173 | V27: 189.17215 | W27: 40.115797 | X27: 147.73684 | Y27: 12.111425 | Z27: 8.9842108 | AA27: 4.5373566 | AB27: 4.5834938 | AC27: 5.1298098 | AD27: 5.4823031 | AE27: 4.1551802 | AF27: 4.4887223 | AG27: 7.8382453 | AH27: 8.7287853 | AI27: 0.97774387 | AJ27: 1.5122901 | AK27: 3.472398 | AL27: 0.74548761 | AM27: 0.9654056 | AN27: 0 | AO27: 0 | AP27: 177.09612 | AQ27: 92.319982 | AR27: 134.12035 | AS27: 38.358057 | AT27: 2.9983312 | AU27: 0 | AV27: 0 | AW27: 22.070048 | AX27: 49.938612 | AY27: 17.625513 | AZ27: 0 | BA27: 0 | BB27: -1.3789565 | BC27: 2.6858077 | BD27: 128.36211 | BE27: 17.70737 | BF27: 0 | BG27: 0 | BH27: 0 | BI27: 0 | BJ27: 0 | BK27: 0 | BL27: 0 | BM27: 0 | BN27: 0 | BO27: 0 | BP27: 0 | BQ27: 0 | BR27: 0 | BS27: 0 | BT27: -0.16253244 | BU27: 1.1679871 | BV27: 12.153773 | BW27: 24.116474 | BX27: 0 | BY27: 0 | BZ27: 0 | CA27: -0.26803343 | CB27: 9.5028 | CC27: 0 | CD27: 0 | CE27: 0 | CF27: 0 | CG27: 0 | CH27: 0 | CI27: 2.9032707 | CJ27: 6.7355774 | CK27: 2.9032707 | CL27: 5.3371911 | CM27: 0 | CN27: -0.11641647 | CO27: -0.49550286 | CP27: 0.17173051 | CQ27: 0 | CR27: 0 | CS27: 0 | CT27: 192.76463 | CU27: -489.79078 | CV27: -446.06941 | CW27: 88.305504 | CX27: 0.9107346 | CY27: 0.45810014 | CZ27: 3.4510638 | DA27: 1.1143643 | DB27: 15.556549 | DC27: 1.162 | DD27: 100 | DE27: 44.936 | DF27: 3.8150664 | DG27: 27.468478

Sheet Sheet1
A1: 26 CFD DATA
A2: source_file | B2: yaw | C2: velocity | D2: Downforce ALL | E2: Drag ALL | F2: -Cl | G2: Cd | H2: ClA | I2: CdA | J2: Aerodynamic Efficiency | K2: Percent downforce on front tire | L2: Percent downforce on rear tire | M2: Cl Mean | N2: Cl Variance | O2: Cl CoV | P2: Cd Mean | Q2: Cd Variance | R2: Cd CoV | S2: AeroBalance Mean | T2: AeroBalance Variance | U2: AeroBalance CoV | V2: Downforce Front Wing ALL | W2: Drag Front Wing ALL | X2: Downforce wing front 1 | Y2: Downforce wing front 2 | Z2: Downforce wing front 3 | AA2: Downforce wing front 4 | AB2: Downforce wing front 5 | AC2: Drag wing front 1 | AD2: Drag wing front 2 | AE2: Drag wing front 3 | AF2: Drag wing front 4 | AG2: Drag wing front 5 | AH2: Downforce wing front end plate 1 | AI2: Downforce wing front end plate 2 | AJ2: Downforce wing front end plate 3 | AK2: Drag wing front end plate 1 | AL2: Drag wing front end plate 2 | AM2: Drag wing front end plate 3 | AN2: Downforce Jacking Bar | AO2: Drag Jacking Bar | AP2: Downforce Rear Wing ALL | AQ2: Drag Rear Wing ALL | AR2: Downforce wing rear 1 | AS2: Downforce wing rear 2 | AT2: Downforce wing rear 3 | AU2: Downforce wing rear 4 | AV2: Downforce wing rear 5 | AW2: Drag wing rear 1 | AX2: Drag wing rear 2 | AY2: Drag wing rear 3 | AZ2: Drag wing rear 4 | BA2: Drag wing rear 5 | BB2: Downforce wing rear end plate | BC2: Drag wing rear end plate | BD2: Downforce Sidepods | BE2: Drag Sidepods | BF2: Downforce wing side 1 | BG2: Downforce wing side 2 | BH2: Downforce wing side 3 | BI2: Downforce wing side 4 | BJ2: Drag wing side 1 | BK2: Drag wing side 2 | BL2: Drag wing side 3 | BM2: Drag wing side 4 | BN2: Downforce Suspension Covers | BO2: Drag Suspension Covers | BP2: Downforce Moustaches | BQ2: Drag Moustaches | BR2: Downforce Diffuser | BS2: Drag Diffuser | BT2: Downforce Chassis | BU2: Drag Chassis | BV2: Downforce Center body | BW2: Drag Center body | BX2: Nosecone Cl | BY2: Nosecone Cd | BZ2: Nosecone FA | CA2: Downforce Suspension | CB2: Drag Suspension | CC2: Downforce Powertrain | CD2: Drag Powertrain | CE2: Downforce Mounts | CF2: Drag Mounts | CG2: Downforce Intake manifold | CH2: Drag Intake manifold | CI2: Drag wheel front | CJ2: Drag wheel rear | CK2: Front Tire Drag | CL2: Drag driver | CM2: Drag head rest | CN2: Downforce Radiator Shrouds | CO2: Drag Radiator Shrouds | CP2: Radiator Mass Flow | CQ2: Surface Average Fan Velocity | CR2: Fan volumetric flow rate | CS2: Mass Flow of fan | CT2: Force_x | CU2: Force_y | CV2: XF_Z | CW2: ZF_X | CX2: X_Coord | CY2: Z_Coord | CZ2: Planform area of the car | DA2: Frontal area of the car | DB2: Simulation Velocity | DC2: Density of Air | DD2: CFL Number | DE2: Solver Iteration Elapsed Time | DF2: Total Solver Elapsed Time | DG2: Average Solver Iteration Time
A3: Go4-26_BiggerDomain_FullCar_2_0degyaw_10ms_Reports.csv | B3: 0 | C3: 10 | D3: 242.03866 | E3: 94.606276 | F3: =D3/(0.5*DC3*DA3*(DB3^2)) -> 3.4460563 | G3: 1.3469689 | H3: 1.5421506 | I3: 0.60439549 | J3: 2.5583785 | K3: 62.975533 | L3: 37.024467 | M3: 3.4346666 | N3: 1.066845e-06 | O3: 0.00030072261 | P3: 1.3465103 | Q3: 2.2462712e-07 | R3: 0.00035198279 | S3: 62.970784 | T3: 7.5700552e-05 | U3: 0.00013816894 | V3: 86.79534 | W3: 18.77177 | X3: 67.390584 | Y3: 5.6043969 | Z3: 4.3662512 | AA3: 2.0534716 | AB3: 2.2151148 | AC3: 2.3915606 | AD3: 2.5420414 | AE3: 2.0339737 | AF3: 2.0326509 | AG3: 3.6738848 | AH3: 4.0266306 | AI3: 0.4337077 | AJ3: 0.70518305 | AK3: 1.6448744 | AL3: 0.33955814 | AM3: 0.43934161 | AN3: 0 | AO3: 0 | AP3: 91.821332 | AQ3: 48.362741 | AR3: 68.786935 | AS3: 20.917934 | AT3: 1.4367862 | AU3: 0 | AV3: 0 | AW3: 12.222178 | AX3: 26.598656 | AY3: 7.9579997 | AZ3: 0 | BA3: 0 | BB3: -0.75710995 | BC3: 1.5839065 | BD3: 63.878175 | BE3: 8.8900017 | BF3: 0 | BG3: 0 | BH3: 0 | BI3: 0 | BJ3: 0 | BK3: 0 | BL3: 0 | BM3: 0 | BN3: 0 | BO3: 0 | BP3: 0 | BQ3: 0 | BR3: 0 | BS3: 0 | BT3: -0.017894555 | BU3: 0.66777714 | BV3: 6.422974 | BW3: 11.401142 | BX3: 0 | BY3: 0 | BZ3: 0 | CA3: -0.1458251 | CB3: 4.6855299 | CC3: 0 | CD3: 0 | CE3: 0 | CF3: 0 | CG3: 0 | CH3: 0 | CI3: 0.97002346 | CJ3: 1.4731112 | CK3: 0.97002346 | CL3: 2.7107777 | CM3: 0 | CN3: -0.8191062 | CO3: -0.051876299 | CP3: 0.10639776 | CQ3: 0 | CR3: 0 | CS3: 0 | CT3: 94.606276 | CU3: -242.03866 | CV3: -234.47744 | CW3: 45.307342 | CX3: 0.96876025 | CY3: 0.47890419 | CZ3: 3.451008 | DA3: 1.1143109 | DB3: 10.415735 | DC3: 1.162 | DD3: 100 | DE3: 23.604 | DF3: 3.3717633 | DG3: 24.084024
A4: Go4-26_BiggerDomain_FullCar_2_zeroyaw_10ms.csv | B4: 0 | C4: 10 | D4: 242.03345 | E4: 94.638943 | F4: =D4/(0.5*DC4*DA4*(DB4^2)) -> 3.4459771 | G4: 1.3474321 | H4: 1.5421151 | I4: 0.60460247 | J4: 2.5574403 | K4: 62.984089 | L4: 37.015911 | M4: 3.4354891 | N4: 1.0696612e-06 | O4: 0.00030104718 | P4: 1.3468297 | Q4: 4.5074339e-07 | R4: 0.00049848489 | S4: 62.985162 | T4: 6.516394e-05 | U4: 0.00012816381 | V4: 86.8432 | W4: 18.805791 | X4: 67.424028 | Y4: 5.6064565 | Z4: 4.3687846 | AA4: 2.054855 | AB4: 2.2217121 | AC4: 2.3918405 | AD4: 2.5430669 | AE4: 2.0352445 | AF4: 2.0338468 | AG4: 3.6887186 | AH4: 4.0302053 | AI4: 0.43188095 | AJ4: 0.70527773 | AK4: 1.6450233 | AL4: 0.33988581 | AM4: 0.43944624 | AN4: 0 | AO4: 0 | AP4: 91.838642 | AQ4: 48.414592 | AR4: 68.777756 | AS4: 20.944165 | AT4: 1.4378492 | AU4: 0 | AV4: 0 | AW4: 12.238472 | AX4: 26.629104 | AY4: 7.962991 | AZ4: 0 | BA4: 0 | BB4: -0.75897742 | BC4: 1.5840243 | BD4: 63.744862 | BE4: 8.8900828 | BF4: 0 | BG4: 0 | BH4: 0 | BI4: 0 | BJ4: 0 | BK4: 0 | BL4: 0 | BM4: 0 | BN4: 0 | BO4: 0 | BP4: 0 | BQ4: 0 | BR4: 0 | BS4: 0 | BT4: -0.01646053 | BU4: 0.6674698 | BV4: 6.4358402 | BW4: 11.390655 | BX4: 0 | BY4: 0 | BZ4: 0 | CA4: -0.14563511 | CB4: 4.683699 | CC4: 0 | CD4: 0 | CE4: 0 | CF4: 0 | CG4: 0 | CH4: 0 | CI4: 0.96583831 | CJ4: 1.4582242 | CK4: 0.96583831 | CL4: 2.7097479 | CM4: 0 | CN4: -0.80634519 | CO4: -0.055629433 | CP4: 0.10622059 | CQ4: 0 | CR4: 0 | CS4: 0 | CT4: 94.638943 | CU4: -242.03345 | CV4: -234.43212 | CW4: 45.34777 | CX4: 0.9685939 | CY4: 0.47916606 | CZ4: 3.451007 | DA4: 1.1143125 | DB4: 10.415735 | DC4: 1.162 | DD4: 100 | DE4: 21.995 | DF4: 3.1664567 | DG4: 22.177518
A5: Go4-26_BiggerDomain_FullCar_2_zeroyaw_13ms.csv | B5: 0 | C5: 13 | D5: 380.90891 | E5: 147.91425 | F5: =D5/(0.5*DC5*DA5*(DB5^2)) -> 3.4768343 | G5: 1.3501216 | H5: 1.5559242 | I5: 0.60580923 | J5: 2.575201 | K5: 63.041249 | L5: 36.958751 | M5: 3.4602454 | N5: 1.9198889e-05 | O5: 0.0012662841 | P5: 1.3484483 | Q5: 5.4693424e-06 | R5: 0.001734336 | S5: 63.072675 | T5: 0.00033087336 | U5: 0.00028839628 | V5: 136.71467 | W5: 29.478872 | X5: 106.16039 | Y5: 8.8172385 | Z5: 6.8502643 | AA5: 3.2444829 | AB5: 3.5001485 | AC5: 3.6573087 | AD5: 4.0034385 | AE5: 3.192149 | AF5: 3.2041066 | AG5: 5.815419 | AH5: 6.3395793 | AI5: 0.68627854 | AJ5: 1.1162936 | AK5: 2.5699447 | AL5: 0.5355257 | AM5: 0.68556092 | AN5: 0 | AO5: 0 | AP5: 144.51804 | AQ5: 75.70439 | AR5: 108.34249 | AS5: 32.767052 | AT5: 2.2789808 | AU5: 0 | AV5: 0 | AW5: 19.057992 | AX5: 41.667717 | AY5: 12.510526 | AZ5: 0 | BA5: 0 | BB5: -1.149461 | BC5: 2.4681552 | BD5: 100.6098 | BE5: 13.876207 | BF5: 0 | BG5: 0 | BH5: 0 | BI5: 0 | BJ5: 0 | BK5: 0 | BL5: 0 | BM5: 0 | BN5: 0 | BO5: 0 | BP5: 0 | BQ5: 0 | BR5: 0 | BS5: 0 | BT5: -0.027101857 | BU5: 0.99742229 | BV5: 9.6786733 | BW5: 18.0501 | BX5: 0 | BY5: 0 | BZ5: 0 | CA5: -0.13633768 | CB5: 7.244232 | CC5: 0 | CD5: 0 | CE5: 0 | CF5: 0 | CG5: 0 | CH5: 0 | CI5: 1.3758584 | CJ5: 2.2955378 | CK5: 1.3758584 | CL5: 4.1504009 | CM5: 0 | CN5: -1.3471216 | CO5: -0.063300039 | CP5: 0.13226333 | CQ5: 0 | CR5: 0 | CS5: 0 | CT5: 147.91425 | CU5: -380.90891 | CV5: -368.52272 | CW5: 70.933877 | CX5: 0.96748254 | CY5: 0.47956082 | CZ5: 3.451007 | DA5: 1.1143125 | DB5: 13.008494 | DC5: 1.162 | DD5: 100 | DE5: 37.37 | DF5: 6.2434122 | DG5: 22.476284
A6: Go4-26_BiggerDomain_FullCar_zeroyaw_18_Reports.csv | B6: 0 | C6: 18 | D6: 742.28975 | E6: 286.09659 | F6: =D6/(0.5*DC6*DA6*(DB6^2)) -> 3.4979393 | G6: 1.3481911 | H6: 1.5653688 | I6: 0.60494304 | J6: 2.5945425 | K6: 63.274978 | L6: 36.725022 | M6: 3.4868574 | N6: 2.867015e-06 | O6: 0.00048560236 | P6: 1.3487928 | Q6: 3.5278122e-07 | R6: 0.00044035963 | S6: 63.254734 | T6: 0.0011460642 | U6: 0.00053519424 | V6: 267.48103 | W6: 57.460658 | X6: 207.73206 | Y6: 17.268606 | Z6: 13.289579 | AA6: 6.4006295 | AB6: 6.8535406 | AC6: 6.8849207 | AD6: 7.8542957 | AE6: 6.2020012 | AF6: 6.3017639 | AG6: 11.425039 | AH6: 12.368096 | AI6: 1.3661898 | AJ6: 2.2023327 | AK6: 4.977714 | AL6: 1.0581581 | AM6: 1.3317261 | AN6: 0 | AO6: 0 | AP6: 281.90147 | AQ6: 147.3589 | AR6: 211.24751 | AS6: 63.76306 | AT6: 4.5212462 | AU6: 0 | AV6: 0 | AW6: 36.787463 | AX6: 81.190977 | AY6: 24.581942 | AZ6: 0 | BA6: 0 | BB6: -2.1515947 | BC6: 4.7985214 | BD6: 195.91017 | BE6: 26.680039 | BF6: 0 | BG6: 0 | BH6: 0 | BI6: 0 | BJ6: 0 | BK6: 0 | BL6: 0 | BM6: 0 | BN6: 0 | BO6: 0 | BP6: 0 | BQ6: 0 | BR6: 0 | BS6: 0 | BT6: -0.05005011 | BU6: 1.7653762 | BV6: 17.36059 | BW6: 34.708922 | BX6: 0 | BY6: 0 | BZ6: 0 | CA6: -0.050774594 | CB6: 13.666861 | CC6: 0 | CD6: 0 | CE6: 0 | CF6: 0 | CG6: 0 | CH6: 0 | CI6: 2.5544765 | CJ6: 4.4337624 | CK6: 2.5544765 | CL6: 7.7597462 | CM6: 0 | CN6: -2.6863321 | CO6: -0.055747176 | CP6: 0.18224588 | CQ6: 0 | CR6: 0 | CS6: 0 | CT6: 286.09659 | CU6: -742.28975 | CV6: -714.77916 | CW6: 138.03202 | CX6: 0.9629382 | CY6: 0.4824665 | CZ6: 3.451007 | DA6: 1.1143125 | DB6: 18.104604 | DC6: 1.162 | DD6: 100 | DE6: 72.54 | DF6: 7.1264039 | DG6: 63.977691
A7: Go4-26_BiggerDomain_FullCar_zeroyaw_20_7ms_Reports.csv | B7: 0 | C7: 20 | D7: 967.953 | E7: 372.38106 | F7: =D7/(0.5*DC7*DA7*(DB7^2)) -> 3.4901262 | G7: 1.342686 | H7: 1.5618724 | I7: 0.60247284 | J7: 2.5993615 | K7: 63.334096 | L7: 36.665904 | M7: 3.4795099 | N7: 1.4796122e-05 | O7: 0.0011054927 | P7: 1.3437384 | Q7: 1.2495182e-06 | R7: 0.00083187214 | S7: 63.294769 | T7: 0.0005724516 | U7: 0.0003780085 | V7: 349.921 | W7: 75.0037 | X7: 271.84073 | Y7: 22.591617 | Z7: 17.26933 | AA7: 8.3895096 | AB7: 8.9546806 | AC7: 8.8626922 | AD7: 10.283823 | AE7: 8.060421 | AF7: 8.2547155 | AG7: 14.961356 | AH7: 16.189589 | AI7: 1.7998579 | AJ7: 2.885686 | AK7: 6.4925921 | AL7: 1.3908208 | AM7: 1.7359231 | AN7: 0 | AO7: 0 | AP7: 369.18802 | AQ7: 190.61836 | AR7: 277.4761 | AS7: 82.706534 | AT7: 5.9136083 | AU7: 0 | AV7: 0 | AW7: 46.839076 | AX7: 105.3071 | AY7: 32.320658 | AZ7: 0 | BA7: 0 | BB7: -2.8218308 | BC7: 6.1515241 | BD7: 256.28078 | BE7: 34.528187 | BF7: 0 | BG7: 0 | BH7: 0 | BI7: 0 | BJ7: 0 | BK7: 0 | BL7: 0 | BM7: 0 | BN7: 0 | BO7: 0 | BP7: 0 | BQ7: 0 | BR7: 0 | BS7: 0 | BT7: -0.084116378 | BU7: 2.2968496 | BV7: 19.148853 | BW7: 45.416481 | BX7: 0 | BY7: 0 | BZ7: 0 | CA7: 0.020817194 | CB7: 18.456309 | CC7: 0 | CD7: 0 | CE7: 0 | CF7: 0 | CG7: 0 | CH7: 0 | CI7: 3.1949885 | CJ7: 6.0141214 | CK7: 3.1949885 | CL7: 10.350069 | CM7: 0 | CN7: -3.0423184 | CO7: 0.027113645 | CP7: 0.20544148 | CQ7: 0 | CR7: 0 | CS7: 0 | CT7: 372.38106 | CU7: -967.953 | CV7: -930.96633 | CW7: 179.49514 | CX7: 0.96178877 | CY7: 0.48202006 | CZ7: 3.451007 | DA7: 1.1143125 | DB7: 20.697363 | DC7: 1.162 | DD7: 100 | DE7: 40.878 | DF7: 9.6219475 | DG7: 56.785264
A9: Go4-26_BiggerDomain_FullCar_2__1__-2degyaw_10ms---_Reports.csv | B9: -2 | C9: 10 | D9: 239.44479 | E9: 93.204865 | F9: =D9/(0.5*DC9*DA9*(DB9^2)) -> 3.4109294 | G9: 1.3277183 | H9: 1.5264309 | I9: 0.59607276 | J9: 2.569016 | K9: 63.414031 | L9: 36.585969 | M9: 3.4023786 | N9: 2.0304961e-05 | O9: 0.0013243978 | P9: 1.3292505 | Q9: 8.1168276e-06 | R9: 0.0021433166 | S9: 63.405497 | T9: 0.0049327329 | U9: 0.0011076866 | V9: 87.145655 | W9: 18.979896 | X9: 67.783484 | Y9: 5.587262 | Z9: 4.3328975 | AA9: 2.0366791 | AB9: 2.2237666 | AC9: 2.6411456 | AD9: 2.5329143 | AE9: 2.0264272 | AF9: 2.0190441 | AG9: 3.6918705 | AH9: 4.0419748 | AI9: 0.43343022 | AJ9: 0.70616142 | AK9: 1.6181269 | AL9: 0.32834257 | AM9: 0.43015406 | AN9: 0 | AO9: 0 | AP9: 90.651078 | AQ9: 47.21956 | AR9: 68.026263 | AS9: 20.494855 | AT9: 1.4564591 | AU9: 0 | AV9: 0 | AW9: 11.817531 | AX9: 25.976536 | AY9: 8.0314105 | AZ9: 0 | BA9: 0 | BB9: -0.78295859 | BC9: 1.3940825 | BD9: 62.45995 | BE9: 8.7409298 | BF9: 0 | BG9: 0 | BH9: 0 | BI9: 0 | BJ9: 0 | BK9: 0 | BL9: 0 | BM9: 0 | BN9: 0 | BO9: 0 | BP9: 0 | BQ9: 0 | BR9: 0 | BS9: 0 | BT9: -0.035280403 | BU9: 0.65522803 | BV9: 6.0023164 | BW9: 10.995808 | BX9: 0 | BY9: 0 | BZ9: 0 | CA9: -0.14008455 | CB9: 4.6482735 | CC9: 0 | CD9: 0 | CE9: 0 | CF9: 0 | CG9: 0 | CH9: 0 | CI9: 0.9579222 | CJ9: 1.6816369 | CK9: 0.9579222 | CL9: 2.6763458 | CM9: 0 | CN9: -0.653421 | CO9: -0.069880956 | CP9: 0.10777914 | CQ9: 0 | CR9: 0 | CS9: 0 | CT9: 93.204865 | CU9: -239.44479 | CV9: -229.92308 | CW9: 44.363963 | CX9: 0.96023422 | CY9: 0.47598334 | CZ9: 3.451659 | DA9: 1.1137216 | DB9: 10.415735 | DC9: 1.162 | DD9: 100 | DE9: 472.563 | DF9: 107.93394 | DG9: 485.70271
A10: Go4-26_BiggerDomain_FullCar_2_-4degyaw_10ms_Reports.csv | B10: -4 | C10: 10 | D10: 235.03387 | E10: 91.650569 | F10: =D10/(0.5*DC10*DA10*(DB10^2)) -> 3.346445 | G10: 1.3049336 | H10: 1.4975733 | I10: 0.58555498 | J10: 2.5644562 | K10: 63.785716 | L10: 36.214284 | M10: 3.3360393 | N10: 1.3098835e-06 | O10: 0.00034307193 | P10: 1.304598 | Q10: 1.4341268e-08 | R10: 9.1794583e-05 | S10: 63.777174 | T10: 5.9026182e-05 | U10: 0.00012046394 | V10: 86.348361 | W10: 18.833513 | X10: 67.163895 | Y10: 5.5481231 | Z10: 4.2704704 | AA10: 2.0498973 | AB10: 2.1670687 | AC10: 2.6412671 | AD10: 2.4938515 | AE10: 1.9914404 | AF10: 2.0225922 | AG10: 3.6328188 | AH10: 3.9837508 | AI10: 0.43602397 | AJ10: 0.72913189 | AK10: 1.624022 | AL10: 0.33706602 | AM10: 0.45763611 | AN10: 0 | AO10: 0 | AP10: 88.501424 | AQ10: 45.887687 | AR10: 66.692156 | AS10: 19.807232 | AT10: 1.4015439 | AU10: 0 | AV10: 0 | AW10: 11.532149 | AX10: 25.175785 | AY10: 7.8688046 | AZ10: 0 | BA10: 0 | BB10: -0.80105205 | BC10: 1.3109485 | BD10: 61.150122 | BE10: 8.3746346 | BF10: 0 | BG10: 0 | BH10: 0 | BI10: 0 | BJ10: 0 | BK10: 0 | BL10: 0 | BM10: 0 | BN10: 0 | BO10: 0 | BP10: 0 | BQ10: 0 | BR10: 0 | BS10: 0 | BT10: -0.00589955 | BU10: 0.62313452 | BV10: 6.0579768 | BW10: 10.997761 | BX10: 0 | BY10: 0 | BZ10: 0 | CA10: -0.19368879 | CB10: 4.5926493 | CC10: 0 | CD10: 0 | CE10: 0 | CF10: 0 | CG10: 0 | CH10: 0 | CI10: 1.0485571 | CJ10: 1.9861913 | CK10: 1.0485571 | CL10: 2.6047616 | CM10: 0 | CN10: -0.36458363 | CO10: -0.081105949 | CP10: 0.11093237 | CQ10: 0 | CR10: 0 | CS10: 0 | CT10: 91.650569 | CU10: -235.03387 | CV10: -223.98906 | CW10: 43.229143 | CX10: 0.95300761 | CY10: 0.47167349 | CZ10: 3.4516555 | DA10: 1.1142708 | DB10: 10.415735 | DC10: 1.162 | DD10: 100 | DE10: 25.32 | DF10: 4.1648583 | DG10: 25.156862
A11: Go4-26_BiggerDomain_FullCar_2_NEG6degyaw_10ms_Copy_Reports.csv | B11: -6 | C11: 10 | D11: 242.03201 | E11: 94.595933 | F11: =D11/(0.5*DC11*DA11*(DB11^2)) -> 3.4459616 | G11: 1.3468217 | H11: 1.5421082 | I11: 0.60432942 | J11: 2.5585879 | K11: 62.974173 | L11: 37.025827 | M11: 3.4346251 | N11: 9.2746896e-07 | O11: 0.00028039506 | P11: 1.3465306 | Q11: 2.5277364e-07 | R11: 0.00037337881 | S11: 62.969336 | T11: 0.00011474688 | U11: 0.0001701145 | V11: 86.790811 | W11: 18.770706 | X11: 67.387318 | Y11: 5.6042092 | Z11: 4.3658496 | AA11: 2.0534553 | AB11: 2.2149027 | AC11: 2.3912927 | AD11: 2.5419952 | AE11: 2.0337955 | AF11: 2.0326436 | AG11: 3.6736595 | AH11: 4.0262299 | AI11: 0.43371106 | AJ11: 0.7051359 | AK11: 1.6447542 | AL11: 0.33956638 | AM11: 0.43933976 | AN11: 0 | AO11: 0 | AP11: 91.824699 | AQ11: 48.358737 | AR11: 68.791488 | AS11: 20.916386 | AT11: 1.4368549 | AU11: 0 | AV11: 0 | AW11: 12.220649 | AX11: 26.596907 | AY11: 7.9577103 | AZ11: 0 | BA11: 0 | BB11: -0.75688496 | BC11: 1.5834709 | BD11: 63.873198 | BE11: 8.8894415 | BF11: 0 | BG11: 0 | BH11: 0 | BI11: 0 | BJ11: 0 | BK11: 0 | BL11: 0 | BM11: 0 | BN11: 0 | BO11: 0 | BP11: 0 | BQ11: 0 | BR11: 0 | BS11: 0 | BT11: -0.017923399 | BU11: 0.66783493 | BV11: 6.4189325 | BW11: 11.402113 | BX11: 0 | BY11: 0 | BZ11: 0 | CA11: -0.14566977 | CB11: 4.6865924 | CC11: 0 | CD11: 0 | CE11: 0 | CF11: 0 | CG11: 0 | CH11: 0 | CI11: 0.96347707 | CJ11: 1.4723908 | CK11: 0.96347707 | CL11: 2.7118191 | CM11: 0 | CN11: -0.81711972 | CO11: -0.05240356 | CP11: 0.10643042 | CQ11: 0 | CR11: 0 | CS11: 0 | CT11: 94.595933 | CU11: -242.03201 | CV11: -234.47739 | CW11: 45.30504 | CX11: 0.9687867 | CY11: 0.47893222 | CZ11: 3.451008 | DA11: 1.1143109 | DB11: 10.415735 | DC11: 1.162 | DD11: 100 | DE11: 47.777 | DF11: 3.5341664 | DG11: 25.445998
A13: Go4-26_BiggerDomain_FullCar_2_-4degyaw_15ms_Copy_Reports.csv | B13: -4 | C13: 15 | D13: 941.42909 | E13: 355.99431 | F13: =D13/(0.5*DC13*DA13*(DB13^2)) -> 5.974504 | G13: 2.2592136 | H13: 2.6736605 | I13: 1.0137633 | J13: 2.644506 | K13: 64.243045 | L13: 35.756955 | M13: 3.4037462 | N13: 3.1647045e-06 | O13: 0.00052264814 | P13: 1.2934946 | Q13: 6.2486087e-06 | R13: 0.0019325335 | S13: 64.159135 | T13: 0.002398091 | U13: 0.00076326321 | V13: 348.69973 | W13: 75.031258 | X13: 271.31649 | Y13: 22.353834 | Z13: 16.893306 | AA13: 8.3419868 | AB13: 8.7700526 | AC13: 9.8671483 | AD13: 10.075559 | AE13: 7.8911848 | AF13: 8.1878526 | AG13: 14.723756 | AH13: 16.243321 | AI13: 1.8025061 | AJ13: 2.9782367 | AK13: 6.39177 | AL13: 1.3704724 | AM13: 1.7997586 | AN13: 0 | AO13: 0 | AP13: 352.59323 | AQ13: 178.20227 | AR13: 267.4067 | AS13: 76.484253 | AT13: 5.7217975 | AU13: 0 | AV13: 0 | AW13: 43.848816 | AX13: 97.350566 | AY13: 31.932979 | AZ13: 0 | BA13: 0 | BB13: -2.7413193 | BC13: 5.0699077 | BD13: 247.20415 | BE13: 33.094199 | BF13: 0 | BG13: 0 | BH13: 0 | BI13: 0 | BJ13: 0 | BK13: 0 | BL13: 0 | BM13: 0 | BN13: 0 | BO13: 0 | BP13: 0 | BQ13: 0 | BR13: 0 | BS13: 0 | BT13: -0.065552557 | BU13: 2.12613 | BV13: 19.784565 | BW13: 43.203682 | BX13: 0 | BY13: 0 | BZ13: 0 | CA13: 0.012560475 | CB13: 17.425517 | CC13: 0 | CD13: 0 | CE13: 0 | CF13: 0 | CG13: 0 | CH13: 0 | CI13: 3.7113854 | CJ13: 6.9005011 | CK13: 3.7113854 | CL13: 9.4699071 | CM13: 0 | CN13: -2.4154166 | CO13: -0.094487622 | CP13: 0.22315145 | CQ13: 0 | CR13: 0 | CS13: 0 | CT13: 355.99431 | CU13: -941.42909 | CV13: -888.81814 | CW13: 168.35469 | CX13: 0.94411587 | CY13: 0.47291401 | CZ13: 3.4516555 | DA13: 1.1142708 | DB13: 15.601252 | DC13: 1.162 | DD13: 100 | DE13: 49.926 | DF13: 6.9451094 | DG13: 25.002394
A14: Go4-26_BiggerDomain_FullCar_2_NEG6degyaw_15ms_Reports.csv | B14: -6 | C14: 15 | D14: 547.05808 | E14: 211.61707 | F14: =D14/(0.5*DC14*DA14*(DB14^2)) -> 3.4915995 | G14: 1.3506465 | H14: 1.5625317 | I14: 0.60604563 | J14: 2.5851321 | K14: 63.15459 | L14: 36.84541 | M14: 3.4826994 | N14: 2.1407812e-07 | O14: 0.00013285263 | P14: 1.350686 | Q14: 1.8701804e-07 | R14: 0.00032017496 | S14: 63.166537 | T14: 6.0484414e-05 | U14: 0.00012312172 | V14: 196.69877 | W14: 42.296521 | X14: 152.7595 | Y14: 12.68702 | Z14: 9.8131128 | AA14: 4.6849154 | AB14: 5.036724 | AC14: 5.1457621 | AD14: 5.7660581 | AE14: 4.5759135 | AF14: 4.6188626 | AG14: 8.3799304 | AH14: 9.1073939 | AI14: 0.99613238 | AJ14: 1.6139653 | AK14: 3.6751014 | AL14: 0.77318693 | AM14: 0.98177562 | AN14: 0 | AO14: 0 | AP14: 207.45313 | AQ14: 108.34345 | AR14: 155.55632 | AS14: 46.901452 | AT14: 3.2989054 | AU14: 0 | AV14: 0 | AW14: 27.111433 | AX14: 59.701818 | AY14: 18.004509 | AZ14: 0 | BA14: 0 | BB14: -1.6024497 | BC14: 3.5256863 | BD14: 144.66863 | BE14: 19.817039 | BF14: 0 | BG14: 0 | BH14: 0 | BI14: 0 | BJ14: 0 | BK14: 0 | BL14: 0 | BM14: 0 | BN14: 0 | BO14: 0 | BP14: 0 | BQ14: 0 | BR14: 0 | BS14: 0 | BT14: -0.040405494 | BU14: 1.3661222 | BV14: 13.427976 | BW14: 26.005365 | BX14: 0 | BY14: 0 | BZ14: 0 | CA14: -0.10026222 | CB14: 10.250487 | CC14: 0 | CD14: 0 | CE14: 0 | CF14: 0 | CG14: 0 | CH14: 0 | CI14: 1.9343841 | CJ14: 3.3250911 | CK14: 1.9343841 | CL14: 5.8384913 | CM14: 0 | CN14: -1.9891943 | CO14: -0.062756259 | CP14: 0.15691928 | CQ14: 0 | CR14: 0 | CS14: 0 | CT14: 211.61707 | CU14: -547.05808 | CV14: -528.06362 | CW14: 101.59408 | CX14: 0.96527889 | CY14: 0.48008453 | CZ14: 3.451008 | DA14: 1.1143109 | DB14: 15.556549 | DC14: 1.162 | DD14: 100 | DE14: 44.234 | DF14: 3.4805294 | DG14: 25.059812
A15: Go4-26_BiggerDomain_FullCar_2_NEG8degyaw_15ms_Reports.csv | B15: -8 | C15: 15 | D15: 489.79078 | E15: 192.76463 | F15: =D15/(0.5*DC15*DA15*(DB15^2)) -> 3.1259409 | G15: 1.2302617 | H15: 1.3988952 | I15: 0.5520016 | J15: 2.5408748 | K15: 65.959935 | L15: 34.040065 | M15: 3.1305646 | N15: 3.6591412e-05 | O15: 0.001932266 | P15: 1.2361451 | Q15: 1.0839797e-05 | R15: 0.002663429 | S15: 65.722239 | T15: 0.012896463 | U15: 0.0017279173 | V15: 189.17215 | W15: 40.115797 | X15: 147.73684 | Y15: 12.111425 | Z15: 8.9842108 | AA15: 4.5373566 | AB15: 4.5834938 | AC15: 5.1298098 | AD15: 5.4823031 | AE15: 4.1551802 | AF15: 4.4887223 | AG15: 7.8382453 | AH15: 8.7287853 | AI15: 0.97774387 | AJ15: 1.5122901 | AK15: 3.472398 | AL15: 0.74548761 | AM15: 0.9654056 | AN15: 0 | AO15: 0 | AP15: 177.09612 | AQ15: 92.319982 | AR15: 134.12035 | AS15: 38.358057 | AT15: 2.9983312 | AU15: 0 | AV15: 0 | AW15: 22.070048 | AX15: 49.938612 | AY15: 17.625513 | AZ15: 0 | BA15: 0 | BB15: -1.3789565 | BC15: 2.6858077 | BD15: 128.36211 | BE15: 17.70737 | BF15: 0 | BG15: 0 | BH15: 0 | BI15: 0 | BJ15: 0 | BK15: 0 | BL15: 0 | BM15: 0 | BN15: 0 | BO15: 0 | BP15: 0 | BQ15: 0 | BR15: 0 | BS15: 0 | BT15: -0.16253244 | BU15: 1.1679871 | BV15: 12.153773 | BW15: 24.116474 | BX15: 0 | BY15: 0 | BZ15: 0 | CA15: -0.26803343 | CB15: 9.5028 | CC15: 0 | CD15: 0 | CE15: 0 | CF15: 0 | CG15: 0 | CH15: 0 | CI15: 2.9032707 | CJ15: 6.7355774 | CK15: 2.9032707 | CL15: 5.3371911 | CM15: 0 | CN15: -0.11641647 | CO15: -0.49550286 | CP15: 0.17173051 | CQ15: 0 | CR15: 0 | CS15: 0 | CT15: 192.76463 | CU15: -489.79078 | CV15: -446.06941 | CW15: 88.305504 | CX15: 0.9107346 | CY15: 0.45810014 | CZ15: 3.4510638 | DA15: 1.1143643 | DB15: 15.556549 | DC15: 1.162 | DD15: 100 | DE15: 44.936 | DF15: 3.8150664 | DG15: 27.468478
A17: 25 CFD DATA
A18: Sim ID | B18: Velocity | C18: Velocity | D18: Yaw Angle | E18: Run by | F18: Downforce ALL | G18: Drag ALL | H18: -Cl | I18: Cd | J18: ClA | K18: CdA | L18: Aerodynamic Efficiency | M18: Percent downforce on front tire | N18: Percent downforce on rear tire | O18: Cl Mean | P18: Cl Variance | Q18: Cl CoV | R18: Cd Mean | S18: Cd Variance | T18: Cd CoV | U18: AeroBalance Mean | V18: AeroBalance Variance | W18: AeroBalance CoV | X18: Downforce Front Wing ALL | Y18: Drag Front Wing ALL | Z18: Downforce wing front 1 | AA18: Downforce wing front 2 | AB18: Downforce wing front 3 | AC18: Downforce wing front 4 | AD18: Downforce wing front 5 | AE18: Drag wing front 1 | AF18: Drag wing front 2 | AG18: Drag wing front 3 | AH18: Drag wing front 4 | AI18: Drag wing front 5 | AJ18: Downforce wing front end plate 1 | AK18: Downforce wing front end plate 2 | AL18: Downforce wing front end plate 3 | AM18: Drag wing front end plate 1 | AN18: Drag wing front end plate 2 | AO18: Drag wing front end plate 3 | AP18: Downforce Jacking Bar | AQ18: Drag Jacking Bar | AR18: Downforce Rear Wing ALL | AS18: Drag Rear Wing ALL | AT18: Downforce wing rear 1 | AU18: Downforce wing rear 2 | AV18: Downforce wing rear 3 | AW18: Downforce wing rear 4 | AX18: Downforce wing rear 5 | AY18: Drag wing rear 1 | AZ18: Drag wing rear 2 | BA18: Drag wing rear 3 | BB18: Drag wing rear 4 | BC18: Drag wing rear 5 | BD18: Downforce wing rear end plate | BE18: Drag wing rear end plate | BF18: Downforce Sidepods | BG18: Drag Sidepods | BH18: Downforce wing side 1 | BI18: Downforce wing side 2 | BJ18: Downforce wing side 3 | BK18: Downforce wing side 4 | BL18: Drag wing side 1 | BM18: Drag wing side 2 | BN18: Drag wing side 3 | BO18: Drag wing side 4 | BP18: Downforce Suspension Covers | BQ18: Drag Suspension Covers | BR18: Downforce Moustaches | BS18: Drag Moustaches | BT18: Downforce Diffuser | BU18: Drag Diffuser | BV18: Downforce Chassis | BW18: Drag Chassis | BX18: Downforce Center body | BY18: Drag Center body | BZ18: Nosecone Cl | CA18: Nosecone Cd | CB18: Nosecone FA | CC18: Downforce Suspension | CD18: Drag Suspension | CE18: Downforce Powertrain | CF18: Drag Powertrain | CG18: Downforce Mounts | CH18: Drag Mounts | CI18: Downforce Intake manifold | CJ18: Drag Intake manifold | CK18: Drag wheel front | CL18: Drag wheel rear | CM18: Front Tire Drag | CN18: Drag driver | CO18: Drag head rest | CP18: Downforce Radiator Shrouds | CQ18: Drag Radiator Shrouds | CR18: Radiator Mass Flow | CS18: Surface Average Fan Velocity | CT18: Fan volumetric flow rate | CU18: Mass Flow of fan | CV18: Force_x | CW18: Force_y | CX18: XF_Z | CY18: ZF_X | CZ18: X_Coord | DA18: Z_Coord | DB18: Planform area of the car | DC18: Frontal area of the car | DD18: Simulation Velocity | DE18: Density of Air | DF18: CFL Number | DG18: Solver Iteration Elapsed Time | DH18: Total Solver Elapsed Time | DI18: Average Solver Iteration Time | DJ18: Residual_Continuity | DK18: Residual_X-momentum | DL18: Residual_Y-momentum | DM18: Residual_Z-momentum | DN18: Residual_Tke | DO18: Residual_Sdr
A19: 1.1 | B19: 10.415735 | C19: 23.3 | D19: 0 | E19: Sean | F19: 110.569 | G19: 62.738602 | H19: 1.6246541 | I19: 0.99647972 | J19: 0.78590753 | K19: 0.45977804 | L19: 1.7623759 | M19: 57.435575 | N19: 42.564425 | O19: 1.2999901 | P19: 0.13121655 | Q19: 0.27864693 | R19: 0.81088459 | S19: 0.028386334 | T19: 0.20777611 | U19: 53.53592 | V19: 32.191563 | W19: 0.10598045 | X19: 53.077436 | Y19: 13.177125 | Z19: 39.280229 | AA19: 3.9825818 | AB19: 2.5901432 | AC19: 1.7034708 | AD19: 1.1804028 | AE19: 2.022634 | AF19: 1.8430271 | AG19: 1.1936396 | AH19: 1.676413 | AI19: 2.0646762 | AJ19: 0.35638232 | AK19: 0.23573442 | AL19: 3.7484912 | AM19: 0.36174122 | AN19: 0.21494632 | AO19: 1.7353713 | AP19: 0 | AQ19: 0 | AR19: 52.964351 | AS19: 30.043181 | AT19: 38.761969 | AU19: 12.891512 | AV19: 0.91469 | AW19: 0 | AX19: 0 | AY19: 6.3780621 | AZ19: 16.456882 | BA19: 6.4916072 | BB19: 0 | BC19: 0 | BD19: -0.51851037 | BE19: 0.71663026 | BF19: 19.897235 | BG19: 3.2303951 | BH19: 0 | BI19: 0 | BJ19: 0 | BK19: 0 | BL19: 0 | BM19: 0 | BN19: 0 | BO19: 0 | BP19: 0 | BQ19: 0 | BR19: -3.5566857 | BS19: -0.25468886 | BT19: 10.228943 | BU19: 1.2309716 | BV19: 0.71936239 | BW19: 3.773555 | BX19: -1.6012202 | BY19: 3.5283681 | BZ19: 0 | CA19: 0 | CB19: 0 | CC19: -0.69012894 | CD19: 2.2331831 | CE19: 0 | CF19: 0 | CG19: -0.025212099 | CH19: 1.5688064 | CI19: 0 | CJ19: 0 | CK19: 1.1412445 | CL19: 1.9160774 | CM19: 1.1412445 | CN19: 0.65201218 | CO19: 1.4143145 | CP19: 0.22816072 | CQ19: -0.10388044 | CR19: 0.040353632 | CS19: 0 | CT19: 0 | CU19: 0 | CV19: 62.738602 | CW19: -110.569 | CX19: -117.13952 | CY19: 27.780775 | CZ19: 1.0594246 | DA19: 0.44280195 | DB19: 3.4672965 | DC19: 1.083653 | DD19: 10 | DE19: 1.162 | DF19: 100 | DG19: 8.9091208 | DH19: 0.1520699 | DI19: 5.4203133 | DJ19: 0.00046 | DK19: 0.0018135609 | DL19: 0.0012997636 | DM19: 0.0016924473 | DN19: 4.45e-05 | DO19: 0.019729711
A20: 1.2 | B20: 13.008494 | C20: 29.1 | D20: 0 | E20: Sean | F20: 174.31417 | G20: 100.98819 | H20: 1.6420489 | I20: 0.94911206 | J20: 0.73313512 | K20: 0.43792249 | L20: 1.7260847 | M20: 56.462049 | N20: 43.537951 | O20: 1.2438041 | P20: 0.11028875 | Q20: 0.26700145 | R20: 0.78189903 | S20: 0.026384426 | T20: 0.20774145 | U20: 52.767599 | V20: 29.387566 | W20: 0.10273407 | X20: 84.13605 | Y20: 21.273478 | Z20: 61.898713 | AA20: 6.4535539 | AB20: 4.1179809 | AC20: 2.7911908 | AD20: 1.8788066 | AE20: 3.3643501 | AF20: 2.9585341 | AG20: 1.8736557 | AH20: 2.7380168 | AI20: 3.3048163 | AJ20: 0.58712241 | AK20: 0.3829992 | AL20: 6.0256836 | AM20: 0.58864484 | AN20: 0.33487793 | AO20: 2.8057663 | AP20: 0 | AQ20: 0 | AR20: 87.564297 | AS20: 49.421853 | AT20: 63.934486 | AU20: 21.430255 | AV20: 1.5224771 | AW20: 0 | AX20: 0 | AY20: 10.189206 | AZ20: 27.20636 | BA20: 10.886252 | BB20: 0 | BC20: 0 | BD20: -0.84539872 | BE20: 1.1400365 | BF20: 27.727471 | BG20: 4.8111219 | BH20: 0 | BI20: 0 | BJ20: 0 | BK20: 0 | BL20: 0 | BM20: 0 | BN20: 0 | BO20: 0 | BP20: 0 | BQ20: 0 | BR20: -5.8175238 | BS20: -0.40441974 | BT20: 15.224859 | BU20: 1.7869562 | BV20: 1.3345761 | BW20: 6.4044556 | BX20: -4.9220352 | BY20: 5.5213936 | BZ20: 0 | CA20: 0 | CB20: 0 | CC20: -1.057742 | CD20: 3.4552942 | CE20: 0 | CF20: 0 | CG20: -0.046261657 | CH20: 2.5118401 | CI20: 0 | CJ20: 0 | CK20: 1.7817791 | CL20: 2.5777501 | CM20: 1.7817791 | CN20: 1.0238876 | CO20: 2.3820594 | CP20: 0.3787581 | CQ20: -0.19019904 | CR20: 0.053234648 | CS20: 0 | CT20: 0 | CU20: 0 | CV20: 100.98819 | CW20: -174.31417 | CX20: -188.05206 | CY20: 45.725743 | CZ20: 1.0788111 | DA20: 0.45278307 | DB20: 3.4672965 | DC20: 1.083653 | DD20: 13 | DE20: 1.162 | DF20: 100 | DG20: 8.8032237 | DH20: 0.15610318 | DI20: 5.5640737 | DJ20: 0.000289 | DK20: 0.0012648498 | DL20: 0.000843 | DM20: 0.000651 | DN20: 3.2e-05 | DO20: 0.020191466
A21: 1.3 | B21: 15.601252 | C21: 34.9 | D21: 0 | E21: Sean | F21: 283.55613 | G21: 162.15574 | H21: 1.857067 | I21: 1.0060648 | J21: 0.78729432 | K21: 0.46420061 | L21: 1.7486655 | M21: 57.442983 | N21: 42.557017 | O21: 1.2826455 | P21: 0.11854956 | Q21: 0.26843759 | R21: 0.79388085 | S21: 0.027884139 | T21: 0.21034069 | U21: 53.89559 | V21: 24.106025 | W21: 0.091098152 | X21: 137.61176 | Y21: 34.026644 | Z21: 101.61035 | AA21: 10.360466 | AB21: 6.7508139 | AC21: 4.4376544 | AD21: 3.1311143 | AE21: 4.9810543 | AF21: 4.7827136 | AG21: 3.0992119 | AH21: 4.3472702 | AI21: 5.4376585 | AJ21: 0.92594139 | AK21: 0.6205211 | AL21: 9.7748975 | AM21: 0.92509387 | AN21: 0.5537202 | AO21: 4.4622625 | AP21: 0 | AQ21: 0 | AR21: 139.92682 | AS21: 79.420665 | AT21: 101.99442 | AU21: 34.276045 | AV21: 2.4969472 | AW21: 0 | AX21: 0 | AY21: 16.866388 | AZ21: 43.562413 | BA21: 17.125279 | BB21: 0 | BC21: 0 | BD21: -1.3375463 | BE21: 1.8665842 | BF21: 46.743908 | BG21: 8.4412493 | BH21: 0 | BI21: 0 | BJ21: 0 | BK21: 0 | BL21: 0 | BM21: 0 | BN21: 0 | BO21: 0 | BP21: 0 | BQ21: 0 | BR21: -9.1699005 | BS21: -0.71133205 | BT21: 23.493 | BU21: 2.5436757 | BV21: 1.7350389 | BW21: 9.5622992 | BX21: -5.9329841 | BY21: 9.7919059 | BZ21: 0 | CA21: 0 | CB21: 0 | CC21: -1.8419356 | CD21: 5.7215623 | CE21: 0 | CF21: 0 | CG21: -0.055104387 | CH21: 4.1061207 | CI21: 0 | CJ21: 0 | CK21: 2.5604733 | CL21: 3.9886669 | CM21: 2.5604733 | CN21: 1.6550105 | CO21: 3.7196205 | CP21: 0.64045285 | CQ21: -0.26579245 | CR21: 0.065056899 | CS21: 0 | CT21: 0 | CU21: 0 | CV21: 162.15574 | CW21: -283.55613 | CX21: -300.36451 | CY21: 73.402589 | CZ21: 1.0592771 | DA21: 0.45266724 | DB21: 3.4672965 | DC21: 1.083653 | DD21: 16 | DE21: 1.162 | DF21: 100 | DG21: 7.8557535 | DH21: 0.14203726 | DI21: 5.0627142 | DJ21: 0.00057 | DK21: 0.0034871622 | DL21: 0.0020818214 | DM21: 0.0016186945 | DN21: 2.99e-05 | DO21: 0.020544864
A22: 1.4 | B22: 18.104604 | C22: 40.5 | D22: 0 | E22: Sean | F22: 325.29984 | G22: 187.72426 | H22: 1.5820244 | I22: 0.92025675 | J22: 0.71363619 | K22: 0.42460858 | L22: 1.7328599 | M22: 56.73477 | N22: 43.26523 | O22: 1.2609406 | P22: 0.094458557 | Q22: 0.24373956 | R22: 0.77483187 | S22: 0.023282575 | T22: 0.19692825 | U22: 53.67066 | V22: 20.132977 | W22: 0.083602077 | X22: 158.9394 | Y22: 40.520866 | Z22: 116.33339 | AA22: 12.320221 | AB22: 7.9027265 | AC22: 5.3519733 | AD22: 3.6650538 | AE22: 6.238443 | AF22: 5.6227371 | AG22: 3.5615461 | AH22: 5.2320053 | AI22: 6.389539 | AJ22: 1.1182127 | AK22: 0.73832603 | AL22: 11.50949 | AM22: 1.1061348 | AN22: 0.63426905 | AO22: 5.346653 | AP22: 0 | AQ22: 0 | AR22: 164.35805 | AS22: 91.956968 | AT22: 119.96244 | AU22: 40.193107 | AV22: 2.8591897 | AW22: 0 | AX22: 0 | AY22: 18.471352 | AZ22: 50.810716 | BA22: 20.598931 | BB22: 0 | BC22: 0 | BD22: -1.5158787 | BE22: 2.075969 | BF22: 48.214314 | BG22: 9.1534778 | BH22: 0 | BI22: 0 | BJ22: 0 | BK22: 0 | BL22: 0 | BM22: 0 | BN22: 0 | BO22: 0 | BP22: 0 | BQ22: 0 | BR22: -10.800113 | BS22: -0.70332274 | BT22: 26.957717 | BU22: 2.9881056 | BV22: 1.7689293 | BW22: 10.81728 | BX22: -9.5936395 | BY22: 11.57616 | BZ22: 0 | CA22: 0 | CB22: 0 | CC22: -1.9686412 | CD22: 6.3469425 | CE22: 0 | CF22: 0 | CG22: -0.042625239 | CH22: 4.6160225 | CI22: 0 | CJ22: 0 | CK22: 3.054268 | CL22: 4.2851847 | CM22: 3.054268 | CN22: 1.8820265 | CO22: 4.5898078 | CP22: 0.80922871 | CQ22: -0.36686732 | CR22: 0.075317904 | CS22: 0 | CT22: 0 | CU22: 0 | CV22: 187.72426 | CW22: -325.29984 | CX22: -349.1704 | CY22: 85.449852 | CZ22: 1.0733802 | DA22: 0.45518811 | DB22: 3.4672965 | DC22: 1.083653 | DD22: 18 | DE22: 1.162 | DF22: 100 | DG22: 9.3194553 | DH22: 0.21681312 | DI22: 7.7279925 | DJ22: 0.0010486628 | DK22: 0.0070519699 | DL22: 0.0081982616 | DM22: 0.0075227151 | DN22: 0.001494641 | DO22: 0.16413226
A23: 1.5 | B23: 20.697363 | C23: 46.3 | D23: 0 | E23: Sean | F23: 498.23414 | G23: 278.59162 | H23: 1.8540049 | I23: 1.0033745 | J23: 0.80303214 | K23: 0.46295932 | L23: 1.7884032 | M23: 57.275471 | N23: 42.724529 | O23: 1.402161 | P23: 0.1126652 | Q23: 0.23938503 | R23: 0.82760584 | S23: 0.026218785 | T23: 0.1956513 | U23: 54.743863 | V23: 15.427392 | W23: 0.071748169 | X23: 239.68893 | Y23: 58.662163 | Z23: 177.36797 | AA23: 17.965936 | AB23: 11.668454 | AC23: 7.6740044 | AD23: 5.4897865 | AE23: 8.2435717 | AF23: 8.296596 | AG23: 5.3289854 | AH23: 7.5050395 | AI23: 9.5679764 | AJ23: 1.5989722 | AK23: 1.0967464 | AL23: 16.827068 | AM23: 1.5714688 | AN23: 0.96214802 | AO23: 7.6184008 | AP23: 0 | AQ23: 0 | AR23: 242.36398 | AS23: 135.97515 | AT23: 176.87796 | AU23: 59.162745 | AV23: 4.3141058 | AW23: 0 | AX23: 0 | AY23: 28.25937 | AZ23: 75.092552 | BA23: 29.501696 | BB23: 0 | BC23: 0 | BD23: -2.3049298 | BE23: 3.1215306 | BF23: 86.815088 | BG23: 15.394458 | BH23: 0 | BI23: 0 | BJ23: 0 | BK23: 0 | BL23: 0 | BM23: 0 | BN23: 0 | BO23: 0 | BP23: 0 | BQ23: 0 | BR23: -15.771787 | BS23: -1.2516853 | BT23: 45.308991 | BU23: 4.962898 | BV23: 5.27984 | BW23: 19.347726 | BX23: -13.871626 | BY23: 14.179931 | BZ23: 0 | CA23: 0 | CB23: 0 | CC23: -3.2003785 | CD23: 9.5798005 | CE23: 0 | CF23: 0 | CG23: -0.17007792 | CH23: 7.0632254 | CI23: 0 | CJ23: 0 | CK23: 4.1152715 | CL23: 6.2702757 | CM23: 4.1152715 | CN23: 2.7996225 | CO23: 6.4597703 | CP23: 1.3208362 | CQ23: -0.47240949 | CR23: 0.087348023 | CS23: 0 | CT23: 0 | CU23: 0 | CV23: 278.59162 | CW23: -498.23414 | CX23: -529.43 | CY23: 125.94032 | CZ23: 1.0626129 | DA23: 0.4520607 | DB23: 3.4672965 | DC23: 1.083653 | DD23: 21 | DE23: 1.162 | DF23: 100 | DG23: 8.825475 | DH23: 0.19964128 | DI23: 7.1159268 | DJ23: 0.000564 | DK23: 0.0050133095 | DL23: 0.0026559132 | DM23: 0.0022561693 | DN23: 1.76e-05 | DO23: 0.011128895
A24: 2.1 | B24: 10.415735 | C24: 23.3 | D24: 0 | E24: Sean | F24: 110.569 | G24: 62.738602 | H24: 1.6246541 | I24: 0.99647972 | J24: 0.78590753 | K24: 0.45977804 | L24: 1.7623759 | M24: 57.435575 | N24: 42.564425 | O24: 1.2999901 | P24: 0.13121655 | Q24: 0.27864693 | R24: 0.81088459 | S24: 0.028386334 | T24: 0.20777611 | U24: 53.53592 | V24: 32.191563 | W24: 0.10598045 | X24: 53.077436 | Y24: 13.177125 | Z24: 39.280229 | AA24: 3.9825818 | AB24: 2.5901432 | AC24: 1.7034708 | AD24: 1.1804028 | AE24: 2.022634 | AF24: 1.8430271 | AG24: 1.1936396 | AH24: 1.676413 | AI24: 2.0646762 | AJ24: 0.35638232 | AK24: 0.23573442 | AL24: 3.7484912 | AM24: 0.36174122 | AN24: 0.21494632 | AO24: 1.7353713 | AP24: 0 | AQ24: 0 | AR24: 52.964351 | AS24: 30.043181 | AT24: 38.761969 | AU24: 12.891512 | AV24: 0.91469 | AW24: 0 | AX24: 0 | AY24: 6.3780621 | AZ24: 16.456882 | BA24: 6.4916072 | BB24: 0 | BC24: 0 | BD24: -0.51851037 | BE24: 0.71663026 | BF24: 19.897235 | BG24: 3.2303951 | BH24: 0 | BI24: 0 | BJ24: 0 | BK24: 0 | BL24: 0 | BM24: 0 | BN24: 0 | BO24: 0 | BP24: 0 | BQ24: 0 | BR24: -3.5566857 | BS24: -0.25468886 | BT24: 10.228943 | BU24: 1.2309716 | BV24: 0.71936239 | BW24: 3.773555 | BX24: -1.6012202 | BY24: 3.5283681 | BZ24: 0 | CA24: 0 | CB24: 0 | CC24: -0.69012894 | CD24: 2.2331831 | CE24: 0 | CF24: 0 | CG24: -0.025212099 | CH24: 1.5688064 | CI24: 0 | CJ24: 0 | CK24: 1.1412445 | CL24: 1.9160774 | CM24: 1.1412445 | CN24: 0.65201218 | CO24: 1.4143145 | CP24: 0.22816072 | CQ24: -0.10388044 | CR24: 0.040353632 | CS24: 0 | CT24: 0 | CU24: 0 | CV24: 62.738602 | CW24: -110.569 | CX24: -117.13952 | CY24: 27.780775 | CZ24: 1.0594246 | DA24: 0.44280195 | DB24: 3.4672965 | DC24: 1.083653 | DD24: 10 | DE24: 1.162 | DF24: 100 | DG24: 8.9091208 | DH24: 0.1520699 | DI24: 5.4203133 | DJ24: 0.00046 | DK24: 0.0018135609 | DL24: 0.0012997636 | DM24: 0.0016924473 | DN24: 4.45e-05 | DO24: 0.019729711
A25: 2.3 | B25: 10.415735 | C25: 23.3 | D25: 6 | E25: Edo | F25: 201.26554 | G25: 89.18407 | H25: 2.9573107 | I25: 1.3054025 | J25: 1.3183507 | K25: 0.60218173 | L25: 2.2567431 | M25: 58.126979 | N25: 41.873021 | O25: 2.8679209 | P25: 3.09e-05 | Q25: 0.0019388608 | R25: 1.3023157 | S25: 3.79e-06 | T25: 0.0014952676 | U25: 58.173144 | V25: 0.000237 | W25: 0.000264 | X25: 79.22968 | Y25: 17.860092 | Z25: 58.815988 | AA25: 5.4705368 | AB25: 4.0090205 | AC25: 2.2741864 | AD25: 1.8413777 | AE25: 2.2040243 | AF25: 2.5745206 | AG25: 1.8507631 | AH25: 2.1902766 | AI25: 2.9776848 | AJ25: 0.44444451 | AK25: 0.35698555 | AL25: 6.0171398 | AM25: 0.4074884 | AN25: 0.31910311 | AO25: 2.3585461 | AP25: 0 | AQ25: 0 | AR25: 82.703671 | AS25: 41.380927 | AT25: 63.134006 | AU25: 17.567572 | AV25: 1.2715307 | AW25: 0 | AX25: 0 | AY25: 10.238988 | AZ25: 22.269171 | BA25: 7.6942116 | BB25: 0 | BC25: 0 | BD25: -0.5409686 | BE25: 1.1785562 | BF25: 48.151705 | BG25: 8.4033678 | BH25: 0 | BI25: 0 | BJ25: 0 | BK25: 0 | BL25: 0 | BM25: 0 | BN25: 0 | BO25: 0 | BP25: 0 | BQ25: 0 | BR25: -4.194434 | BS25: -0.35365363 | BT25: 9.8250836 | BU25: 1.1646202 | BV25: 0.72365821 | BW25: 3.3526981 | BX25: 9.7906239 | BY25: 8.2212915 | BZ25: 0 | CA25: 0 | CB25: 0 | CC25: -0.9199781 | CD25: 2.4208914 | CE25: 0 | CF25: 0 | CG25: -0.37899472 | CH25: 1.4025315 | CI25: 0 | CJ25: 0 | CK25: 1.4448513 | CL25: 2.7454403 | CM25: 1.4448513 | CN25: 0.65099317 | CO25: 1.5003125 | CP25: -0.49295045 | CQ25: 0.076002074 | CR25: 0.053188106 | CS25: 0 | CT25: 0 | CU25: 0 | CV25: 89.18407 | CW25: -201.26554 | CX25: -210.4544 | CY25: 36.970806 | CZ25: 1.0456554 | DA25: 0.41454495 | DB25: 3.4712356 | DC25: 1.0838941 | DD25: 10.415735 | DE25: 1.162 | DF25: 100 | DG25: 59.752 | DH25: 3.80498 | DI25: 22.791894
A26: 2.5 | B26: 10.415735 | C26: 23.3 | D26: -2 | E26: Ellie | F26: 217.68923 | G26: 97.6795 | H26: 3.1986335 | I26: 1.4295582 | J26: 1.4257381 | K26: 0.65936555 | L26: 2.2286071 | M26: 55.868268 | N26: 44.131732 | O26: 3.0909846 | P26: 3.12e-06 | Q26: 0.000571 | R26: 1.4285821 | S26: 1.02e-06 | T26: 0.000707 | U26: 55.866087 | V26: 0.001179223 | W26: 0.000615 | X26: 81.658929 | Y26: 18.234866 | Z26: 60.680749 | AA26: 5.5951035 | AB26: 4.1902989 | AC26: 2.3158841 | AD26: 1.8372517 | AE26: 2.2245309 | AF26: 2.6460169 | AG26: 1.9188761 | AH26: 2.2455791 | AI26: 2.9662162 | AJ26: 0.45192953 | AK26: 0.35400718 | AL26: 6.2337055 | AM26: 0.44115742 | AN26: 0.33117899 | AO26: 2.4950943 | AP26: 0 | AQ26: 0 | AR26: 93.764021 | AS26: 48.430609 | AT26: 69.925926 | AU26: 20.799972 | AV26: 1.7531483 | AW26: 0 | AX26: 0 | AY26: 12.631081 | AZ26: 26.004943 | BA26: 8.3823489 | BB26: 0 | BC26: 0 | BD26: -0.46817319 | BE26: 1.4122358 | BF26: 52.207391 | BG26: 9.2064742 | BH26: 0 | BI26: 0 | BJ26: 0 | BK26: 0 | BL26: 0 | BM26: 0 | BN26: 0 | BO26: 0 | BP26: 0 | BQ26: 0 | BR26: -4.3874266 | BS26: -0.4166191 | BT26: 11.561921 | BU26: 1.4840422 | BV26: 0.57489193 | BW26: 3.160384 | BX26: 12.053398 | BY26: 8.9055825 | BZ26: 0 | CA26: 0 | CB26: 0 | CC26: -0.9505147 | CD26: 2.3946368 | CE26: 0 | CF26: 0 | CG26: -0.50269017 | CH26: 1.5012685 | CI26: 0 | CJ26: 0 | CK26: 1.6729675 | CL26: 2.3053575 | CM26: 1.6729675 | CN26: 0.59139234 | CO26: 1.4159916 | CP26: 0.28234707 | CQ26: -0.087373444 | CR26: 0.061012885 | CS26: 0 | CT26: 0 | CU26: 0 | CV26: 97.6795 | CW26: -217.68923 | CX26: -237.41961 | CY26: 42.105661 | CZ26: 1.0906356 | DA26: 0.43105934 | DB26: 3.4711877 | DC26: 1.0840407 | DD26: 10.415735 | DE26: 1.162 | DF26: 100 | DG26: 44.43 | DH26: 9.6138933 | DI26: 23.073344
A27: 2.7 | B27: 10.415735 | C27: 23.3 | D27: -6 | E27: Edo | F27: 203.13877 | G27: 91.42177 | H27: 2.9848352 | I27: 1.3379971 | J27: 1.3304629 | K27: 0.61714431 | L27: 2.2219956 | M27: 57.798074 | N27: 42.201926 | O27: 2.891524 | P27: 5.97e-06 | Q27: 0.000845 | R27: 1.3378275 | S27: 6.67e-07 | T27: 0.000611 | U27: 57.815395 | V27: 0.000411 | W27: 0.000351 | X27: 80.07001 | Y27: 17.972295 | Z27: 59.487239 | AA27: 5.4917547 | AB27: 4.0536449 | AC27: 2.2833127 | AD27: 1.8475182 | AE27: 2.2041865 | AF27: 2.5891172 | AG27: 1.8661211 | AH27: 2.198381 | AI27: 2.9908814 | AJ27: 0.4383586 | AK27: 0.35523887 | AL27: 6.1129432 | AM27: 0.41194324 | AN27: 0.32483351 | AO27: 2.3959498 | AP27: 0 | AQ27: 0 | AR27: 85.178548 | AS27: 44.019783 | AT27: 64.184542 | AU27: 18.937963 | AV27: 1.3401195 | AW27: 0 | AX27: 0 | AY27: 11.251529 | AZ27: 23.845393 | BA27: 7.7200983 | BB27: 0 | BC27: 0 | BD27: -0.62419629 | BE27: 1.2027632 | BF27: 45.987286 | BG27: 8.1117266 | BH27: 0 | BI27: 0 | BJ27: 0 | BK27: 0 | BL27: 0 | BM27: 0 | BN27: 0 | BO27: 0 | BP27: 0 | BQ27: 0 | BR27: -4.2314671 | BS27: -0.37713793 | BT27: 8.7671984 | BU27: 1.2456952 | BV27: 0.3702249 | BW27: 2.928422 | BX27: 11.452467 | BY27: 8.9426802 | BZ27: 0 | CA27: 0 | CB27: 0 | CC27: -0.9654844 | CD27: 2.4389893 | CE27: 0 | CF27: 0 | CG27: -0.41012578 | CH27: 1.3998691 | CI27: 0 | CJ27: 0 | CK27: 1.6036694 | CL27: 2.529776 | CM27: 1.6036694 | CN27: 0.54231352 | CO27: 1.420626 | CP27: 0.55411195 | CQ27: -0.17149207 | CR27: 0.057917883 | CS27: 0 | CT27: 0 | CU27: 0 | CV27: 91.42177 | CW27: -203.13877 | CX27: -213.7437 | CY27: 38.755836 | CZ27: 1.0522053 | DA27: 0.4239235 | DB27: 3.471128 | DC27: 1.0840229 | DD27: 10.415735 | DE27: 1.162 | DF27: 100 | DG27: 42.065 | DH27: 6.4084789 | DI27: 23.070524
A28: 2.8 | B28: 10.415735 | C28: 23.3 | D28: -8 | E28: Edo | F28: 195.70506 | G28: 87.298112 | H28: 2.8756074 | I28: 1.2816347 | J28: 1.2857776 | K28: 0.59120274 | L28: 2.2418018 | M28: 59.039374 | N28: 40.960626 | O28: 2.7719487 | P28: 9.18e-05 | Q28: 0.0034561054 | R28: 1.2766383 | S28: 1.47e-05 | T28: 0.0030051501 | U28: 59.143585 | V28: 0.0069991156 | W28: 0.0014145358 | X28: 77.948725 | Y28: 17.681649 | Z28: 57.864336 | AA28: 5.4658859 | AB28: 3.8869004 | AC28: 2.230161 | AD28: 1.8283563 | AE28: 2.1698268 | AF28: 2.5748587 | AG28: 1.7921323 | AH28: 2.1630298 | AI28: 2.9729381 | AJ28: 0.46177422 | AK28: 0.36409626 | AL28: 5.8472157 | AM28: 0.4308903 | AN28: 0.30597315 | AO28: 2.2990622 | AP28: 0 | AQ28: 0 | AR28: 79.344981 | AS28: 40.406543 | AT28: 60.104493 | AU28: 17.401945 | AV28: 1.2296849 | AW28: 0 | AX28: 0 | AY28: 10.125074 | AZ28: 21.852246 | BA28: 7.4641209 | BB28: 0 | BC28: 0 | BD28: -0.62082626 | BE28: 0.96510271 | BF28: 44.191014 | BG28: 7.7212342 | BH28: 0 | BI28: 0 | BJ28: 0 | BK28: 0 | BL28: 0 | BM28: 0 | BN28: 0 | BO28: 0 | BP28: 0 | BQ28: 0 | BR28: -4.1247932 | BS28: -0.33780618 | BT28: 7.7490403 | BU28: 0.87736857 | BV28: 0.27660986 | BW28: 3.2389233 | BX28: 10.775569 | BY28: 8.5638262 | BZ28: 0 | CA28: 0 | CB28: 0 | CC28: -0.90811033 | CD28: 2.4303472 | CE28: 0 | CF28: 0 | CG28: -0.36169568 | CH28: 1.3344293 | CI28: 0 | CJ28: 0 | CK28: 1.7044675 | CL28: 2.8732656 | CM28: 1.7044675 | CN28: 0.58307388 | CO28: 1.5297542 | CP28: 0.65986955 | CQ28: -0.17546446 | CR28: 0.0582578 | CS28: 0 | CT28: 0 | CU28: 0 | CV28: 87.298112 | CW28: -195.70506 | CX28: -201.08441 | CY28: 36.109231 | CZ28: 1.027487 | DA28: 0.4136313 | DB28: 3.4711308 | DC28: 1.0839215 | DD28: 10.4 | DE28: 1.162 | DF28: 100 | DG28: 378.264 | DH28: 65.285383 | DI28: 417.45538
A29: 3.1 | B29: 15.556549 | C29: 34.8 | D29: -8 | E29: Edo | F29: 438.04102 | G29: 193.60428 | H29: 2.8853312 | I29: 1.2703239 | J29: 1.2862303 | K29: 0.58598523 | L29: 2.2625586 | M29: 59.720403 | N29: 40.279597 | O29: 2.7772095 | P29: 0.000259 | Q29: 0.0057973945 | R29: 1.2637286 | S29: 4.19e-05 | T29: 0.0051214919 | U29: 59.989957 | V29: 0.054574024 | W29: 0.0038941658 | X29: 177.77969 | Y29: 39.8461 | Z29: 132.09012 | AA29: 12.313166 | AB29: 8.9018302 | AC29: 5.0475963 | AD29: 4.2411202 | AE29: 4.6387525 | AF29: 5.7998562 | AG29: 4.0941829 | AH29: 4.8797107 | AI29: 6.8493829 | AJ29: 1.0407334 | AK29: 0.82472298 | AL29: 13.320408 | AM29: 0.96212447 | AN29: 0.68125641 | AO29: 5.0914513 | AP29: 0 | AQ29: 0 | AR29: 176.7264 | AS29: 90.291343 | AT29: 133.63286 | AU29: 38.792267 | AV29: 2.8508384 | AW29: 0 | AX29: 0 | AY29: 22.201263 | AZ29: 48.923222 | BA29: 17.059337 | BB29: 0 | BC29: 0 | BD29: -1.4004056 | BE29: 2.1075211 | BF29: 99.467569 | BG29: 17.162117 | BH29: 0 | BI29: 0 | BJ29: 0 | BK29: 0 | BL29: 0 | BM29: 0 | BN29: 0 | BO29: 0 | BP29: 0 | BQ29: 0 | BR29: -9.4613651 | BS29: -0.84547309 | BT29: 17.012369 | BU29: 1.8178438 | BV29: 0.28950135 | BW29: 6.7317047 | BX29: 22.278602 | BY29: 19.365431 | BZ29: 0 | CA29: 0 | CB29: 0 | CC29: -1.8708324 | CD29: 5.0909177 | CE29: 0 | CF29: 0 | CG29: -0.7699798 | CH29: 2.9438664 | CI29: 0 | CJ29: 0 | CK29: 3.5814744 | CL29: 6.1098844 | CM29: 3.5814744 | CN29: 1.228158 | CO29: 3.4380118 | CP29: 1.4445843 | CQ29: -0.43887296 | CR29: 0.088736973 | CS29: 0 | CT29: 0 | CU29: 0 | CV29: 193.60428 | CW29: -438.04102 | CX29: -444.14085 | CY29: 80.803412 | CZ29: 1.0139252 | DA29: 0.41736377 | DB29: 3.4711308 | DC29: 1.0839215 | DD29: 15.556549 | DE29: 1.162 | DF29: 100 | DG29: 662.161 | DH29: 98.437036 | DI29: 558.06823
A30: 3.2 | B30: 15.556549 | C30: 34.8 | D30: -6 | E30: Keegan | F30: 463.04919 | G30: 200.66503 | H30: 3.0500574 | I30: 1.3176319 | J30: 1.3606736 | K30: 0.60774788 | L30: 2.3075729 | M30: 58.061073 | N30: 41.938927 | O30: 2.9298424 | P30: 0.000209 | Q30: 0.004938563 | R30: 1.3124804 | S30: 1.57e-05 | T30: 0.0030158695 | U30: 57.961117 | V30: 0.0052498567 | W30: 0.0012500776 | X30: 181.14548 | Y30: 40.437479 | Z30: 134.52542 | AA30: 12.36747 | AB30: 9.1290565 | AC30: 5.1716084 | AD30: 4.2756214 | AE30: 4.7810486 | AF30: 5.8214113 | AG30: 4.2099233 | AH30: 4.9631389 | AI30: 6.8658141 | AJ30: 1.0181842 | AK30: 0.83035023 | AL30: 13.827766 | AM30: 0.91102842 | AN30: 0.71135957 | AO30: 5.3079407 | AP30: 0 | AQ30: 0 | AR30: 189.18154 | AS30: 96.650917 | AT30: 143.27477 | AU30: 41.309895 | AV30: 3.0036213 | AW30: 0 | AX30: 0 | AY30: 24.694557 | AZ30: 51.902339 | BA30: 17.553911 | BB30: 0 | BC30: 0 | BD30: -1.4103653 | BE30: 2.5001112 | BF30: 102.80651 | BG30: 18.113558 | BH30: 0 | BI30: 0 | BJ30: 0 | BK30: 0 | BL30: 0 | BM30: 0 | BN30: 0 | BO30: 0 | BP30: 0 | BQ30: 0 | BR30: -9.4910597 | BS30: -0.86115135 | BT30: 20.964058 | BU30: 2.8268996 | BV30: 0.82131277 | BW30: 7.74477 | BX30: 24.568152 | BY30: 17.941477 | BZ30: 0 | CA30: 0 | CB30: 0 | CC30: -2.0725305 | CD30: 5.11135 | CE30: 0 | CF30: 0 | CG30: -0.92445897 | CH30: 3.0296377 | CI30: 0 | CJ30: 0 | CK30: 3.3282612 | CL30: 5.6076041 | CM30: 3.3282612 | CN30: 0.90070413 | CO30: 3.0921619 | CP30: 1.3410862 | CQ30: -0.42301269 | CR30: 0.0893102 | CS30: 0 | CT30: 0 | CU30: 0 | CV30: 200.66503 | CW30: -463.04919 | CX30: -484.79771 | CY30: 84.981146 | CZ30: 1.046968 | DA30: 0.42349753 | DB30: 3.4711278 | DC30: 1.0840284 | DD30: 15.55 | DE30: 1.162 | DF30: 100 | DG30: 412.38 | DH30: 59.974183 | DI30: 431.81412
A31: 3.4 | B31: 15.556549 | C31: 34.8 | D31: -2 | E31: Edo | F31: 491.40504 | G31: 216.57379 | H31: 3.2368345 | I31: 1.4220841 | J31: 1.4439873 | K31: 0.65592103 | L31: 2.2689958 | M31: 56.057279 | N31: 43.942721 | O31: 3.1250264 | P31: 1.53e-05 | Q31: 0.0012498564 | R31: 1.419846 | S31: 2.68e-06 | T31: 0.0011526094 | U31: 56.091472 | V31: 0.0016061108 | W31: 0.000714 | X31: 184.66138 | Y31: 40.886491 | Z31: 137.20445 | AA31: 12.565614 | AB31: 9.4584472 | AC31: 5.2364054 | AD31: 4.224457 | AE31: 4.7753347 | AF31: 5.9402227 | AG31: 4.328257 | AH31: 5.0592311 | AI31: 6.7695719 | AJ31: 1.0353329 | AK31: 0.82488524 | AL31: 14.111782 | AM31: 0.97338366 | AN31: 0.73025889 | AO31: 5.540659 | AP31: 0 | AQ31: 0 | AR31: 210.67675 | AS31: 109.34847 | AT31: 156.57805 | AU31: 47.016779 | AV31: 4.0566346 | AW31: 0 | AX31: 0 | AY31: 28.204545 | AZ31: 58.847188 | BA31: 19.144805 | BB31: 0 | BC31: 0 | BD31: -1.0313439 | BE31: 3.151931 | BF31: 112.89509 | BG31: 20.322468 | BH31: 0 | BI31: 0 | BJ31: 0 | BK31: 0 | BL31: 0 | BM31: 0 | BN31: 0 | BO31: 0 | BP31: 0 | BQ31: 0 | BR31: -9.9485028 | BS31: -0.98693998 | BT31: 24.588975 | BU31: 3.1468245 | BV31: 1.0425794 | BW31: 7.763159 | BX31: 25.276235 | BY31: 19.208572 | BZ31: 0 | CA31: 0 | CB31: 0 | CC31: -2.1280951 | CD31: 5.0888643 | CE31: 0 | CF31: 0 | CG31: -1.1714043 | CH31: 3.3121903 | CI31: 0 | CJ31: 0 | CK31: 3.4588457 | CL31: 3.455108 | CM31: 3.4588457 | CN31: 1.3004014 | CO31: 3.1638597 | CP31: 0.7469748 | CQ31: -0.24707741 | CR31: 0.092289163 | CS31: 0 | CT31: 0 | CU31: 0 | CV31: 216.57379 | CW31: -491.40504 | CX31: -534.0942 | CY31: 95.048493 | CZ31: 1.0868716 | DA31: 0.43887347 | DB31: 3.4711818 | DC31: 1.084036 | DD31: 15.55 | DE31: 1.162 | DF31: 100 | DG31: 311.791 | DH31: 56.702256 | DI31: 326.08326
A32: 3.5 | B32: 15.556549 | C32: 34.8 | D32: 2 | E32: Edo | F32: 484.30944 | G32: 217.07507 | H32: 3.1900965 | I32: 1.4252195 | J32: 1.4229812 | K32: 0.65729525 | L32: 2.231069 | M32: 56.550853 | N32: 43.449147 | O32: 3.0843424 | P32: 2.34e-07 | Q32: 0.000157 | R32: 1.4249012 | S32: 2.09e-08 | T32: 0.000101 | U32: 56.564167 | V32: 5.23e-05 | W32: 0.000128 | X32: 185.15116 | Y32: 40.897851 | Z32: 137.86104 | AA32: 12.545256 | AB32: 9.4713554 | AC32: 5.2318789 | AD32: 4.2421265 | AE32: 4.7546988 | AF32: 5.9354961 | AG32: 4.3391263 | AH32: 5.0560063 | AI32: 6.7963386 | AJ32: 1.0071119 | AK32: 0.80390849 | AL32: 13.988484 | AM32: 0.9787341 | AN32: 0.73871501 | AO32: 5.5023971 | AP32: 0 | AQ32: 0 | AR32: 207.60722 | AS32: 107.80373 | AT32: 154.3886 | AU32: 46.310885 | AV32: 3.9843081 | AW32: 0 | AX32: 0 | AY32: 27.426772 | AZ32: 58.242328 | BA32: 19.007466 | BB32: 0 | BC32: 0 | BD32: -1.0608803 | BE32: 3.1271675 | BF32: 118.17785 | BG32: 20.42828 | BH32: 0 | BI32: 0 | BJ32: 0 | BK32: 0 | BL32: 0 | BM32: 0 | BN32: 0 | BO32: 0 | BP32: 0 | BQ32: 0 | BR32: -9.9946992 | BS32: -1.0079626 | BT32: 25.222344 | BU32: 3.2951198 | BV32: 0.74797331 | BW32: 6.6306097 | BX32: 24.908515 | BY32: 21.11445 | BZ32: 0 | CA32: 0 | CB32: 0 | CC32: -2.0691267 | CD32: 5.2044484 | CE32: 0 | CF32: 0 | CG32: -1.0157252 | CH32: 3.2194024 | CI32: 0 | CJ32: 0 | CK32: 3.2682931 | CL32: 4.5392414 | CM32: 3.2682931 | CN32: 1.2763442 | CO32: 3.1466069 | CP32: -0.14463367 | CQ32: -0.1984045 | CR32: 0.088469281 | CS32: 0 | CT32: 0 | CU32: 0 | CV32: 217.07507 | CW32: -484.30944 | CX32: -521.62163 | CY32: 94.308306 | CZ32: 1.077042 | DA32: 0.4344502 | DB32: 3.4711729 | DC32: 1.0841547 | DD32: 15.55 | DE32: 1.162 | DF32: 100 | DG32: 120.837 | DH32: 11.259112 | DI32: 27.021869
A34: 25 WT DATA
A35: Run | B35: Configuration | D35: Point | E35: Yaw (°) | F35: Vinf (mph) | G35: Vinf (m/s) | H35: q inf (psf) | I35: BLC Prs (psid) | J35: CD | K35: Coeff | L35: CL | M35: Coeff | N35: CLF | O35: DCLF | P35: CLR | Q35: DCLR | R35: CL Bal | S35: CS | T35: CPM | U35: CYM | V35: CRM | W35: q pri/q sec | X35: DCD Pri-Sec | Y35: q Control | AM35: Run | AN35: Configuration | AO35: Point | AP35: Yaw (°) | AQ35: Tinf (F) | AR35: RH Set (%) | AS35: RH Act (%) | AT35: q inf (psf) | AU35: Vinf (mph) | AV35: BLC Status | AW35: BLC Prs (psid) | AX35: Rose Control | AY35: q pri/q sec | AZ35: DCD Pri-Sec | BA35: q Control | BB35: Fan Current | BC35: Fan RPM | BD35: AF (m2) | BE35: Drag (N) | BF35: Lift (N) | BG35: Lift LF (N) | BH35: Lift RF (N) | BI35: Lift LR (N) | BJ35: Lift RR (N) | BK35: Side (N) | BL35: PM (N-m) | BM35: YM (N-m) | BN35: RM (N-m)
A36: 1 | B36: Check point | D36: 1 | E36: 0.12 | F36: 0 | H36: 0 | I36: 0.02 | J36: 2.659 | L36: -142.714 | N36: -71.414 | P36: -71.288 | R36: -0.126 | S36: -8.264 | T36: -0.238 | U36: 0.753 | V36: 2.241 | W36: 0.1065 | X36: -2.376 | Y36: SEC | Z36: =MIN(W38:W121) -> 0.797 | AM36: 1 | AN36: Check point | AO36: 1 | AP36: 0.12 | AQ36: 66.43 | AR36: 40 | AS36: 11.55 | AT36: 0 | AU36: 0 | AV36: OFF | AW36: 0.02 | AX36: 0 | AY36: 0.1065 | AZ36: -2.376 | BA36: SEC | BB36: 0 | BC36: 0 | BD36: 1.0909 | BE36: 4.36 | BF36: -233.8 | BG36: -57.77 | BH36: -59.25 | BI36: -57.65 | BJ36: -59.13 | BK36: -13.54 | BL36: -0.61 | BM36: 1.95 | BN36: 5.8
Z37: =MAX(W38:W121) -> 0.9523
A38: 1 | B38: speed sweep | D38: 1 | E38: 0 | F38: 23.3 | G38: =F38/2.237 -> 10.415735 | H38: 1 | I38: 0.05 | J38: 1.026 | K38: =J38/1.409 -> 0.72817601 | L38: -1.655 | M38: =L38/2.654 -> -0.62358704 | N38: -0.82 | P38: -0.835 | R38: 0.015 | S38: 0.021 | T38: 0.026 | U38: -0.007 | V38: 0 | W38: 0.8035 | X38: -0.202 | Y38: SEC | AL38: =BL38/(47.8803*AT38*1.091*1.585) -> 0.026933574 | AM38: 1 | AN38: speed sweep | AO38: 1 | AP38: 0 | AQ38: 70.96 | AR38: 40 | AS38: 15.81 | AT38: 1 | AU38: 23.3 | AV38: ON | AW38: 0.05 | AX38: 0 | AY38: 0.8035 | AZ38: -0.202 | BA38: SEC | BB38: 93 | BC38: 35.37 | BD38: 1.0909 | BE38: 56.03 | BF38: -90.37 | BG38: -22.37 | BH38: -22.38 | BI38: -22.8 | BJ38: -22.81 | BK38: 1.16 | BL38: 2.23 | BM38: -0.65 | BN38: 0.03 | BO38: =BL38/BF38 -> -0.024676331 | BP38: =BM38/BE38 -> -0.011600928 | BQ38: =BN38/BK38 -> 0.025862069
A39: 1 | B39: speed sweep | D39: 2 | E39: 0 | F39: 29.1 | G39: =F39/2.237 -> 13.008494 | H39: 1.7 | I39: 0.09 | J39: 1.046 | L39: -1.729 | N39: -0.863 | P39: -0.872 | R39: 0.009 | S39: 0.013 | T39: 0.015 | U39: -0.009 | V39: -0.008 | W39: 0.8764 | X39: -0.129 | Y39: SEC | AM39: 1 | AN39: speed sweep | AO39: 2 | AP39: 0 | AQ39: 72.39 | AR39: 40 | AS39: 14.69 | AT39: 1.7 | AU39: 29.1 | AV39: ON | AW39: 0.09 | AX39: 0 | AY39: 0.8764 | AZ39: -0.129 | BA39: SEC | BB39: 138.5 | BC39: 45.45 | BD39: 1.0909 | BE39: 95.97 | BF39: -158.58 | BG39: -39.6 | BH39: -39.29 | BI39: -40.01 | BJ39: -39.7 | BK39: 1.15 | BL39: 2.13 | BM39: -1.3 | BN39: -1.22 | BO39: =BL39/BF39 -> -0.013431706 | BP39: =BM39/BE39 -> -0.0135459 | BQ39: =BN39/BK39 -> -1.0608696
A40: 1 | B40: speed sweep | D40: 3 | E40: 0 | F40: 34.9 | G40: =F40/2.237 -> 15.601252 | H40: 2.6 | I40: 0.14 | J40: 1.054 | K40: =J40/1.41 -> 0.74751773 | L40: -1.759 | M40: =L40/2.68 -> -0.65634328 | N40: -0.87 | P40: -0.883 | R40: 0.013 | S40: 0.005 | T40: 0.022 | U40: -0.009 | V40: -0.012 | W40: 0.9147 | X40: -0.09 | Y40: SEC | AM40: 1 | AN40: speed sweep | AO40: 3 | AP40: 0 | AQ40: 72.54 | AR40: 40 | AS40: 14.5 | AT40: 2.6 | AU40: 34.9 | AV40: ON | AW40: 0.14 | AX40: 0 | AY40: 0.9147 | AZ40: -0.09 | BA40: SEC | BB40: 197 | BC40: 55.37 | BD40: 1.0909 | BE40: 146.19 | BF40: -243.93 | BG40: -60.84 | BH40: -60.18 | BI40: -61.78 | BJ40: -61.13 | BK40: 0.76 | BL40: 4.94 | BM40: -1.95 | BN40: -2.57 | BO40: =BL40/BF40 -> -0.020251712 | BP40: =BM40/BE40 -> -0.013338806 | BQ40: =BN40/BK40 -> -3.3815789
A41: 1 | B41: speed sweep | D41: 4 | E41: 0 | F41: 40.5 | G41: =F41/2.237 -> 18.104604 | H41: 3.7 | I41: 0.19 | J41: 1.056 | L41: -1.778 | N41: -0.88 | P41: -0.896 | R41: 0.016 | S41: 0.004 | T41: 0.027 | U41: -0.008 | V41: -0.014 | W41: 0.9355 | X41: -0.068 | Y41: SEC | AM41: 1 | AN41: speed sweep | AO41: 4 | AP41: 0 | AQ41: 72.51 | AR41: 40 | AS41: 14.65 | AT41: 3.7 | AU41: 40.5 | AV41: ON | AW41: 0.19 | AX41: 0 | AY41: 0.9355 | AZ41: -0.068 | BA41: SEC | BB41: 268.17 | BC41: 64.75 | BD41: 1.0909 | BE41: 202.14 | BF41: -340.35 | BG41: -84.82 | BH41: -83.75 | BI41: -86.42 | BJ41: -85.35 | BK41: 0.76 | BL41: 8.3 | BM41: -2.32 | BN41: -4.22 | BO41: =BL41/BF41 -> -0.024386661 | BP41: =BM41/BE41 -> -0.011477194 | BQ41: =BN41/BK41 -> -5.5526316
A42: 1 | B42: speed sweep | D42: 5 | E42: 0 | F42: 46.3 | G42: =F42/2.237 -> 20.697363 | H42: 4.9 | I42: 0.26 | J42: 1.061 | K42: =J42/1.438 -> 0.73783032 | L42: -1.808 | M42: =L42/2.36 -> -0.76610169 | N42: -0.894 | P42: -0.913 | R42: 0.019 | S42: 0.004 | T42: 0.032 | U42: -0.008 | V42: -0.014 | W42: 0.9523 | X42: -0.05 | Y42: SEC | AM42: 1 | AN42: speed sweep | AO42: 5 | AP42: 0 | AQ42: 72.41 | AR42: 40 | AS42: 14.71 | AT42: 4.9 | AU42: 46.3 | AV42: ON | AW42: 0.26 | AX42: 0 | AY42: 0.9523 | AZ42: -0.05 | BA42: SEC | BB42: 350 | BC42: 74.38 | BD42: 1.0909 | BE42: 270.01 | BF42: -460.05 | BG42: -114.52 | BH42: -113.05 | BI42: -116.97 | BJ42: -115.5 | BK42: 1 | BL42: 12.74 | BM42: -3.09 | BN42: -5.8 | BO42: =BL42/BF42 -> -0.027692642 | BP42: =BM42/BE42 -> -0.011444021 | BQ42: =BN42/BK42 -> -5.8
BO43: =BL43/BF43 -> #DIV/0! | BP43: =BM43/BE43 -> #DIV/0! | BQ43: =BN43/BK43 -> #DIV/0!
A44: 2 | B44: yaw sweep | D44: 1 | E44: 0 | F44: 23.3 | G44: =F44/2.237 -> 10.415735 | H44: 1 | I44: 0.05 | J44: 1.028 | L44: -1.66 | N44: -0.825 | P44: -0.832 | R44: 0.007 | S44: 0.005 | T44: 0.011 | U44: -0.011 | V44: -0.003 | W44: 0.8005 | X44: -0.205 | Y44: SEC | AM44: 2 | AN44: yaw sweep | AO44: 1 | AP44: 0 | AQ44: 71.41 | AR44: 40 | AS44: 15.36 | AT44: 1 | AU44: 23.3 | AV44: ON | AW44: 0.05 | AX44: 0 | AY44: 0.8005 | AZ44: -0.205 | BA44: SEC | BB44: 86.67 | BC44: 35.32 | BD44: 1.0909 | BE44: 56.07 | BF44: -90.53 | BG44: -22.57 | BH44: -22.51 | BI44: -22.75 | BJ44: -22.7 | BK44: 0.3 | BL44: 0.97 | BM44: -0.92 | BN44: -0.23 | BO44: =BL44/BF44 -> -0.01071468 | BP44: =BM44/BE44 -> -0.016408061 | BQ44: =BN44/BK44 -> -0.76666667
A45: 2 | B45: yaw sweep | D45: 2 | E45: 4 | F45: 23.4 | G45: =F45/2.237 -> 10.460438 | H45: 1 | I45: 0.06 | J45: 1.047 | K45: =J45/1.36 -> 0.76985294 | L45: -1.631 | M45: =L45/2.53 -> -0.64466403 | N45: -0.801 | P45: -0.822 | R45: 0.021 | S45: 0.192 | T45: 0.036 | U45: -0.009 | V45: 0.046 | W45: 0.8042 | X45: -0.205 | Y45: SEC | AM45: 2 | AN45: yaw sweep | AO45: 2 | AP45: 4 | AQ45: 71.97 | AR45: 40 | AS45: 14.85 | AT45: 1 | AU45: 23.4 | AV45: ON | AW45: 0.06 | AX45: 0 | AY45: 0.8042 | AZ45: -0.205 | BA45: SEC | BB45: 86.83 | BC45: 35.23 | BD45: 1.0909 | BE45: 57.2 | BF45: -89.11 | BG45: -21.47 | BH45: -22.49 | BI45: -22.07 | BJ45: -23.08 | BK45: 10.48 | BL45: 3.08 | BM45: -0.82 | BN45: 3.99 | BO45: =BL45/BF45 -> -0.034564022 | BP45: =BM45/BE45 -> -0.014335664 | BQ45: =BN45/BK45 -> 0.38072519
A46: 2 | B46: yaw sweep | D46: 3 | E46: 6 | F46: 23.3 | G46: =F46/2.237 -> 10.415735 | H46: 1 | I46: 0.06 | J46: 1.032 | L46: -1.617 | N46: -0.803 | P46: -0.814 | R46: 0.011 | S46: 0.272 | T46: 0.018 | U46: 0.008 | V46: 0.051 | W46: 0.8028 | X46: -0.204 | Y46: SEC | AM46: 2 | AN46: yaw sweep | AO46: 3 | AP46: 6 | AQ46: 72.31 | AR46: 40 | AS46: 14.57 | AT46: 1 | AU46: 23.3 | AV46: ON | AW46: 0.06 | AX46: 0 | AY46: 0.8028 | AZ46: -0.204 | BA46: SEC | BB46: 90.83 | BC46: 35.26 | BD46: 1.0909 | BE46: 56.25 | BF46: -88.17 | BG46: -21.34 | BH46: -22.45 | BI46: -21.63 | BJ46: -22.75 | BK46: 14.83 | BL46: 1.55 | BM46: 0.67 | BN46: 4.39 | BO46: =BL46/BF46 -> -0.017579676 | BP46: =BM46/BE46 -> 0.011911111 | BQ46: =BN46/BK46 -> 0.29602158
A47: 2 | B47: yaw sweep | D47: 4 | E47: 8 | F47: 23.3 | G47: =F47/2.237 -> 10.415735 | H47: 1 | I47: 0.06 | J47: 1.026 | L47: -1.559 | N47: -0.772 | P47: -0.781 | R47: 0.009 | S47: 0.365 | T47: 0.014 | U47: 0.023 | V47: 0.079 | W47: 0.797 | X47: -0.208 | Y47: SEC | AM47: 2 | AN47: yaw sweep | AO47: 4 | AP47: 8 | AQ47: 72.43 | AR47: 40 | AS47: 14.46 | AT47: 1 | AU47: 23.3 | AV47: ON | AW47: 0.06 | AX47: 0 | AY47: 0.797 | AZ47: -0.208 | BA47: SEC | BB47: 85.5 | BC47: 35.27 | BD47: 1.0909 | BE47: 55.51 | BF47: -84.35 | BG47: -20.11 | BH47: -21.84 | BI47: -20.34 | BJ47: -22.06 | BK47: 19.74 | BL47: 1.16 | BM47: 1.93 | BN47: 6.79 | BO47: =BL47/BF47 -> -0.013752223 | BP47: =BM47/BE47 -> 0.03476851 | BQ47: =BN47/BK47 -> 0.34397163
A48: 2 | B48: yaw sweep | D48: 5 | E48: -2 | F48: 23.4 | G48: =F48/2.237 -> 10.460438 | H48: 1 | I48: 0.05 | J48: 1.021 | L48: -1.639 | N48: -0.808 | P48: -0.833 | R48: 0.025 | S48: -0.095 | T48: 0.039 | U48: -0.008 | V48: -0.008 | W48: 0.8016 | X48: -0.202 | Y48: SEC | AM48: 2 | AN48: yaw sweep | AO48: 5 | AP48: -2 | AQ48: 72.29 | AR48: 40 | AS48: 14.41 | AT48: 1 | AU48: 23.4 | AV48: ON | AW48: 0.05 | AX48: 0 | AY48: 0.8016 | AZ48: -0.202 | BA48: SEC | BB48: 86.5 | BC48: 35.31 | BD48: 1.0909 | BE48: 55.8 | BF48: -89.54 | BG48: -22.14 | BH48: -21.97 | BI48: -22.79 | BJ48: -22.63 | BK48: -5.17 | BL48: 3.39 | BM48: -0.69 | BN48: -0.67 | BO48: =BL48/BF48 -> -0.037860174 | BP48: =BM48/BE48 -> -0.012365591 | BQ48: =BN48/BK48 -> 0.12959381
A49: 2 | B49: yaw sweep | D49: 6 | E49: -4 | F49: 23.3 | G49: =F49/2.237 -> 10.415735 | H49: 1 | I49: 0.05 | J49: 1.029 | L49: -1.619 | N49: -0.796 | P49: -0.821 | R49: 0.025 | S49: -0.186 | T49: 0.042 | U49: -0.017 | V49: -0.024 | W49: 0.8071 | X49: -0.198 | Y49: SEC | AM49: 2 | AN49: yaw sweep | AO49: 6 | AP49: -4 | AQ49: 72.44 | AR49: 40 | AS49: 14.34 | AT49: 1 | AU49: 23.3 | AV49: ON | AW49: 0.05 | AX49: 0 | AY49: 0.8071 | AZ49: -0.198 | BA49: SEC | BB49: 87.83 | BC49: 35.36 | BD49: 1.0909 | BE49: 56.48 | BF49: -88.81 | BG49: -22.11 | BH49: -21.59 | BI49: -22.82 | BJ49: -22.3 | BK49: -10.19 | BL49: 3.68 | BM49: -1.47 | BN49: -2.05 | BO49: =BL49/BF49 -> -0.041436775 | BP49: =BM49/BE49 -> -0.026026912 | BQ49: =BN49/BK49 -> 0.20117763
A50: 2 | B50: yaw sweep | D50: 7 | E50: -6 | F50: 23.3 | G50: =F50/2.237 -> 10.415735 | H50: 1.1 | I50: 0.05 | J50: 1.023 | L50: -1.612 | N50: -0.795 | P50: -0.823 | R50: 0.028 | S50: -0.283 | T50: 0.046 | U50: -0.018 | V50: -0.05 | W50: 0.8061 | X50: -0.199 | Y50: SEC | AM50: 2 | AN50: yaw sweep | AO50: 7 | AP50: -6 | AQ50: 72.31 | AR50: 40 | AS50: 14.37 | AT50: 1.1 | AU50: 23.3 | AV50: ON | AW50: 0.05 | AX50: 0 | AY50: 0.8061 | AZ50: -0.199 | BA50: SEC | BB50: 88.67 | BC50: 35.4 | BD50: 1.0909 | BE50: 56.29 | BF50: -88.72 | BG50: -22.35 | BH50: -21.24 | BI50: -23.12 | BJ50: -22.01 | BK50: -15.56 | BL50: 4.01 | BM50: -1.58 | BN50: -4.37 | BO50: =BL50/BF50 -> -0.045198377 | BP50: =BM50/BE50 -> -0.028068929 | BQ50: =BN50/BK50 -> 0.28084833
A51: 2 | B51: yaw sweep | D51: 8 | E51: -8 | F51: 23.4 | G51: =F51/2.237 -> 10.460438 | H51: 1 | I51: 0.05 | J51: 1.014 | L51: -1.557 | N51: -0.774 | P51: -0.792 | R51: 0.018 | S51: -0.376 | T51: 0.027 | U51: -0.039 | V51: -0.064 | W51: 0.8043 | X51: -0.198 | Y51: SEC | AM51: 2 | AN51: yaw sweep | AO51: 8 | AP51: -8 | AQ51: 72.13 | AR51: 40 | AS51: 14.36 | AT51: 1 | AU51: 23.4 | AV51: ON | AW51: 0.05 | AX51: 0 | AY51: 0.8043 | AZ51: -0.198 | BA51: SEC | BB51: 84.83 | BC51: 35.4 | BD51: 1.0909 | BE51: 55.59 | BF51: -85.34 | BG51: -21.81 | BH51: -20.41 | BI51: -22.26 | BJ51: -20.86 | BK51: -20.61 | BL51: 2.36 | BM51: -3.37 | BN51: -5.52 | BO51: =BL51/BF51 -> -0.02765409 | BP51: =BM51/BE51 -> -0.060622414 | BQ51: =BN51/BK51 -> 0.26783115
BO52: =BL52/BF52 -> #DIV/0! | BP52: =BM52/BE52 -> #DIV/0! | BQ52: =BN52/BK52 -> #DIV/0!
A53: 3 | B53: yaw sweep 2 | D53: 1 | E53: -8 | F53: 34.8 | G53: =F53/2.237 -> 15.556549 | H53: 2.7 | I53: 0.14 | J53: 1.031 | L53: -1.667 | N53: -0.828 | P53: -0.836 | R53: 0.008 | S53: -0.391 | T53: 0.014 | U53: -0.046 | V53: -0.091 | W53: 0.914 | X53: -0.089 | Y53: SEC | AM53: 3 | AN53: yaw sweep 2 | AO53: 1 | AP53: -8 | AQ53: 71.92 | AR53: 40 | AS53: 14.49 | AT53: 2.7 | AU53: 34.8 | AV53: ON | AW53: 0.14 | AX53: 0 | AY53: 0.914 | AZ53: -0.089 | BA53: SEC | BB53: 197.83 | BC53: 55.46 | BD53: 1.0909 | BE53: 143.27 | BF53: -231.71 | BG53: -60.15 | BH53: -55.1 | BI53: -60.75 | BJ53: -55.7 | BK53: -54.31 | BL53: 3.14 | BM53: -10.2 | BN53: -19.89 | BO53: =BL53/BF53 -> -0.013551422 | BP53: =BM53/BE53 -> -0.071194249 | BQ53: =BN53/BK53 -> 0.3662309
A54: 3 | B54: yaw sweep 2 | D54: 2 | E54: -6 | F54: 34.8 | G54: =F54/2.237 -> 15.556549 | H54: 2.7 | I54: 0.14 | J54: 1.05 | L54: -1.726 | N54: -0.856 | P54: -0.869 | R54: 0.013 | S54: -0.297 | T54: 0.021 | U54: -0.035 | V54: -0.073 | W54: 0.9129 | X54: -0.091 | Y54: SEC | AM54: 3 | AN54: yaw sweep 2 | AO54: 2 | AP54: -6 | AQ54: 71.89 | AR54: 40 | AS54: 14.56 | AT54: 2.7 | AU54: 34.8 | AV54: ON | AW54: 0.14 | AX54: 0 | AY54: 0.9129 | AZ54: -0.091 | BA54: SEC | BB54: 197.5 | BC54: 55.42 | BD54: 1.0909 | BE54: 145.69 | BF54: -239.39 | BG54: -61.42 | BH54: -57.37 | BI54: -62.32 | BJ54: -58.27 | BK54: -41.14 | BL54: 4.68 | BM54: -7.63 | BN54: -15.95 | BO54: =BL54/BF54 -> -0.019549689 | BP54: =BM54/BE54 -> -0.052371474 | BQ54: =BN54/BK54 -> 0.38770053
A55: 3 | B55: yaw sweep 2 | D55: 3 | E55: -4 | F55: 34.9 | G55: =F55/2.237 -> 15.601252 | H55: 2.6 | I55: 0.14 | J55: 1.061 | L55: -1.754 | N55: -0.868 | P55: -0.887 | R55: 0.019 | S55: -0.191 | T55: 0.031 | U55: -0.023 | V55: -0.046 | W55: 0.9132 | X55: -0.092 | Y55: SEC | AM55: 3 | AN55: yaw sweep 2 | AO55: 3 | AP55: -4 | AQ55: 71.75 | AR55: 40 | AS55: 14.58 | AT55: 2.6 | AU55: 34.9 | AV55: ON | AW55: 0.14 | AX55: 0 | AY55: 0.9132 | AZ55: -0.092 | BA55: SEC | BB55: 197.67 | BC55: 55.41 | BD55: 1.0909 | BE55: 147.44 | BF55: -243.71 | BG55: -61.57 | BH55: -58.99 | BI55: -62.86 | BJ55: -60.29 | BK55: -26.53 | BL55: 6.74 | BM55: -5.13 | BN55: -10.13 | BO55: =BL55/BF55 -> -0.02765582 | BP55: =BM55/BE55 -> -0.034793814 | BQ55: =BN55/BK55 -> 0.38183189
A56: 3 | B56: yaw sweep 2 | D56: 4 | E56: -2 | F56: 34.9 | G56: =F56/2.237 -> 15.601252 | H56: 2.7 | I56: 0.14 | J56: 1.053 | L56: -1.756 | N56: -0.869 | P56: -0.884 | R56: 0.015 | S56: -0.099 | T56: 0.024 | U56: -0.017 | V56: -0.029 | W56: 0.9153 | X56: -0.089 | Y56: SEC | AM56: 3 | AN56: yaw sweep 2 | AO56: 4 | AP56: -2 | AQ56: 71.75 | AR56: 40 | AS56: 14.59 | AT56: 2.7 | AU56: 34.9 | AV56: ON | AW56: 0.14 | AX56: 0 | AY56: 0.9153 | AZ56: -0.089 | BA56: SEC | BB56: 201.83 | BC56: 55.37 | BD56: 1.0909 | BE56: 146.47 | BF56: -244.22 | BG56: -61.35 | BH56: -59.75 | BI56: -62.35 | BJ56: -60.75 | BK56: -13.73 | BL56: 5.2 | BM56: -3.8 | BN56: -6.3 | BO56: =BL56/BF56 -> -0.021292277 | BP56: =BM56/BE56 -> -0.025943879 | BQ56: =BN56/BK56 -> 0.45884924
A57: 3 | B57: yaw sweep 2 | D57: 5 | E57: 2 | F57: 34.9 | G57: =F57/2.237 -> 15.601252 | H57: 2.7 | I57: 0.14 | J57: 1.052 | L57: -1.741 | N57: -0.863 | P57: -0.874 | R57: 0.011 | S57: 0.097 | T57: 0.019 | U57: -0.008 | V57: 0.007 | W57: 0.9134 | X57: -0.091 | Y57: SEC | AM57: 3 | AN57: yaw sweep 2 | AO57: 5 | AP57: 2 | AQ57: 71.85 | AR57: 40 | AS57: 14.56 | AT57: 2.7 | AU57: 34.9 | AV57: ON | AW57: 0.14 | AX57: 0 | AY57: 0.9134 | AZ57: -0.091 | BA57: SEC | BB57: 196 | BC57: 55.32 | BD57: 1.0909 | BE57: 146.13 | BF57: -241.8 | BG57: -59.86 | BH57: -60.25 | BI57: -60.65 | BJ57: -61.04 | BK57: 13.43 | BL57: 4.12 | BM57: -1.71 | BN57: 1.54 | BO57: =BL57/BF57 -> -0.017038875 | BP57: =BM57/BE57 -> -0.011701909 | BQ57: =BN57/BK57 -> 0.11466865
A58: 3 | B58: yaw sweep 2 | D58: 6 | E58: 4 | F58: 34.8 | G58: =F58/2.237 -> 15.556549 | H58: 2.7 | I58: 0.14 | J58: 1.059 | K58: =J58/1.378 -> 0.76850508 | L58: -1.747 | M58: =L58/2.6526 -> -0.65859911 | N58: -0.863 | P58: -0.881 | R58: 0.018 | S58: 0.192 | T58: 0.029 | U58: 0 | V58: 0.026 | W58: 0.9163 | X58: -0.089 | Y58: SEC | AM58: 3 | AN58: yaw sweep 2 | AO58: 6 | AP58: 4 | AQ58: 72.11 | AR58: 40 | AS58: 14.44 | AT58: 2.7 | AU58: 34.8 | AV58: ON | AW58: 0.14 | AX58: 0 | AY58: 0.9163 | AZ58: -0.089 | BA58: SEC | BB58: 201 | BC58: 55.42 | BD58: 1.0909 | BE58: 147.27 | BF58: -243.01 | BG58: -59.43 | BH58: -60.85 | BI58: -60.65 | BJ58: -62.08 | BK58: 26.72 | BL58: 6.36 | BM58: 0.1 | BN58: 5.62 | BO58: =BL58/BF58 -> -0.026171762 | BP58: =BM58/BE58 -> 0.00067902492 | BQ58: =BN58/BK58 -> 0.21032934
A59: 3 | B59: yaw sweep 2 | D59: 7 | E59: 6 | F59: 34.8 | G59: =F59/2.237 -> 15.556549 | H59: 2.7 | I59: 0.14 | J59: 1.052 | L59: -1.724 | N59: -0.858 | P59: -0.868 | R59: 0.01 | S59: 0.286 | T59: 0.018 | U59: 0.015 | V59: 0.043 | W59: 0.9141 | X59: -0.091 | Y59: SEC | AM59: 3 | AN59: yaw sweep 2 | AO59: 7 | AP59: 6 | AQ59: 72.26 | AR59: 40 | AS59: 14.37 | AT59: 2.7 | AU59: 34.8 | AV59: ON | AW59: 0.14 | AX59: 0 | AY59: 0.9141 | AZ59: -0.091 | BA59: SEC | BB59: 200.5 | BC59: 55.4 | BD59: 1.0909 | BE59: 146.16 | BF59: -239.62 | BG59: -58.33 | BH59: -60.73 | BI59: -59.08 | BJ59: -61.48 | BK59: 39.73 | BL59: 3.86 | BM59: 3.4 | BN59: 9.45 | BO59: =BL59/BF59 -> -0.016108839 | BP59: =BM59/BE59 -> 0.023262178 | BQ59: =BN59/BK59 -> 0.23785552
A60: 3 | B60: yaw sweep 2 | D60: 8 | E60: 8 | F60: 34.8 | G60: =F60/2.237 -> 15.556549 | H60: 2.6 | I60: 0.14 | J60: 1.037 | L60: -1.669 | N60: -0.834 | P60: -0.836 | R60: 0.002 | S60: 0.377 | T60: 0.004 | U60: 0.031 | V60: 0.063 | W60: 0.9123 | X60: -0.091 | Y60: SEC | AM60: 3 | AN60: yaw sweep 2 | AO60: 8 | AP60: 8 | AQ60: 72.3 | AR60: 40 | AS60: 14.31 | AT60: 2.6 | AU60: 34.8 | AV60: ON | AW60: 0.14 | AX60: 0 | AY60: 0.9123 | AZ60: -0.091 | BA60: SEC | BB60: 200 | BC60: 55.43 | BD60: 1.0909 | BE60: 143.91 | BF60: -231.68 | BG60: -56.07 | BH60: -59.61 | BI60: -56.23 | BJ60: -59.77 | BK60: 52.28 | BL60: 0.83 | BM60: 6.73 | BN60: 13.92 | BO60: =BL60/BF60 -> -0.0035825276 | BP60: =BM60/BE60 -> 0.046765339 | BQ60: =BN60/BK60 -> 0.26625861

Sheet 25 WT Data
A1: Run | B1: Configuration | D1: Point | E1: Yaw (°) | F1: Vinf (mph) | G1: Vinf (m/s) | H1: q inf (psf) | I1: BLC Prs (psid) | J1: WT CD | K1: Correction Coeff | L1: WT CL | M1: Correction Coeff | N1: CLF | O1: DCLF | P1: CLR | Q1: DCLR | R1: CL Bal | S1: DCLB | T1: CS | U1: CPM | V1: CYM | W1: CRM | X1: q pri/q sec | Y1: DCD Pri-Sec | Z1: q Control | AN1: Run | AO1: Configuration | AP1: Point | AQ1: Yaw (°) | AR1: Tinf (F) | AS1: RH Set (%) | AT1: RH Act (%) | AU1: q inf (psf) | AV1: Vinf (mph) | AW1: BLC Status | AX1: BLC Prs (psid) | AY1: Rose Control | AZ1: q pri/q sec | BA1: DCD Pri-Sec | BB1: q Control | BC1: Fan Current | BD1: Fan RPM | BE1: AF (m2) | BF1: Drag (N) | BG1: Lift (N) | BH1: Lift LF (N) | BI1: Lift RF (N) | BJ1: Lift LR (N) | BK1: Lift RR (N) | BL1: Side (N) | BM1: PM (N-m) | BN1: YM (N-m) | BO1: RM (N-m)
A2: 1 | B2: speed sweep | D2: 1 | E2: 0 | F2: 23.3 | G2: =F2/2.237 -> 10.415735 | H2: 1 | I2: 0.05 | J2: 1.026 | K2: =J2/'25 CFD Data'!I2 -> 1.0296246 | L2: -1.655 | M2: =L2/'25 CFD Data'!H2 -> 1.0186784 | N2: -0.82 | O2: =N2/'25 CFD Data'!J17 -> 0.87876339 | P2: -0.835 | Q2: =P2/'25 CFD Data'!K17 -> 1.2074768 | R2: 0.015 | S2: =R2/'25 CFD Data'!L17 -> -0.062084868 | T2: 0.021 | U2: 0.026 | V2: -0.007 | W2: 0 | X2: 0.8035 | Y2: -0.202 | Z2: SEC | AM2: =BM2/(47.8803*AU2*1.091*1.585) -> 0.026933574 | AN2: 1 | AO2: speed sweep | AP2: 1 | AQ2: 0 | AR2: 70.96 | AS2: 40 | AT2: 15.81 | AU2: 1 | AV2: 23.3 | AW2: ON | AX2: 0.05 | AY2: 0 | AZ2: 0.8035 | BA2: -0.202 | BB2: SEC | BC2: 93 | BD2: 35.37 | BE2: 1.0909 | BF2: 56.03 | BG2: -90.37 | BH2: -22.37 | BI2: -22.38 | BJ2: -22.8 | BK2: -22.81 | BL2: 1.16 | BM2: 2.23 | BN2: -0.65 | BO2: 0.03 | BP2: =BM2/BG2 -> -0.024676331 | BQ2: =BN2/BF2 -> -0.011600928 | BR2: =BO2/BL2 -> 0.025862069
A3: 1 | B3: speed sweep | D3: 2 | E3: 0 | F3: 29.1 | G3: =F3/2.237 -> 13.008494 | H3: 1.7 | I3: 0.09 | J3: 1.046 | K3: =J3/'25 CFD Data'!I3 -> 1.1020827 | L3: -1.729 | M3: =L3/'25 CFD Data'!H3 -> 1.0529528 | N3: -0.863 | O3: =N3/'25 CFD Data'!J18 -> 0.93082509 | P3: -0.872 | Q3: =P3/'25 CFD Data'!K18 -> 1.2197264 | R3: 0.009 | S3: =R3/'25 CFD Data'!L18 -> -0.042408822 | T3: 0.013 | U3: 0.015 | V3: -0.009 | W3: -0.008 | X3: 0.8764 | Y3: -0.129 | Z3: SEC | AN3: 1 | AO3: speed sweep | AP3: 2 | AQ3: 0 | AR3: 72.39 | AS3: 40 | AT3: 14.69 | AU3: 1.7 | AV3: 29.1 | AW3: ON | AX3: 0.09 | AY3: 0 | AZ3: 0.8764 | BA3: -0.129 | BB3: SEC | BC3: 138.5 | BD3: 45.45 | BE3: 1.0909 | BF3: 95.97 | BG3: -158.58 | BH3: -39.6 | BI3: -39.29 | BJ3: -40.01 | BK3: -39.7 | BL3: 1.15 | BM3: 2.13 | BN3: -1.3 | BO3: -1.22 | BP3: =BM3/BG3 -> -0.013431706 | BQ3: =BN3/BF3 -> -0.0135459 | BR3: =BO3/BL3 -> -1.0608696
A4: 1 | B4: speed sweep | D4: 3 | E4: 0 | F4: 34.9 | G4: =F4/2.237 -> 15.601252 | H4: 2.6 | I4: 0.14 | J4: 1.054 | K4: =J4/'25 CFD Data'!I4 -> 1.0476462 | L4: -1.759 | M4: =L4/'25 CFD Data'!H4 -> 0.94719255 | N4: -0.87 | O4: =N4/'25 CFD Data'!J19 -> 0.81555771 | P4: -0.883 | Q4: =P4/'25 CFD Data'!K19 -> 1.1172798 | R4: 0.013 | S4: =R4/'25 CFD Data'!L19 -> -0.047026076 | T4: 0.005 | U4: 0.022 | V4: -0.009 | W4: -0.012 | X4: 0.9147 | Y4: -0.09 | Z4: SEC | AN4: 1 | AO4: speed sweep | AP4: 3 | AQ4: 0 | AR4: 72.54 | AS4: 40 | AT4: 14.5 | AU4: 2.6 | AV4: 34.9 | AW4: ON | AX4: 0.14 | AY4: 0 | AZ4: 0.9147 | BA4: -0.09 | BB4: SEC | BC4: 197 | BD4: 55.37 | BE4: 1.0909 | BF4: 146.19 | BG4: -243.93 | BH4: -60.84 | BI4: -60.18 | BJ4: -61.78 | BK4: -61.13 | BL4: 0.76 | BM4: 4.94 | BN4: -1.95 | BO4: -2.57 | BP4: =BM4/BG4 -> -0.020251712 | BQ4: =BN4/BF4 -> -0.013338806 | BR4: =BO4/BL4 -> -3.3815789
A5: 1 | B5: speed sweep | D5: 4 | E5: 0 | F5: 40.5 | G5: =F5/2.237 -> 18.104604 | H5: 3.7 | I5: 0.19 | J5: 1.056 | K5: =J5/'25 CFD Data'!I5 -> 1.1475058 | L5: -1.778 | M5: =L5/'25 CFD Data'!H5 -> 1.1238765 | N5: -0.88 | O5: =N5/'25 CFD Data'!J20 -> 0.98043815 | P5: -0.896 | Q5: =P5/'25 CFD Data'!K20 -> 1.3090488 | R5: 0.016 | S5: =R5/'25 CFD Data'!L20 -> -0.075085145 | T5: 0.004 | U5: 0.027 | V5: -0.008 | W5: -0.014 | X5: 0.9355 | Y5: -0.068 | Z5: SEC | AN5: 1 | AO5: speed sweep | AP5: 4 | AQ5: 0 | AR5: 72.51 | AS5: 40 | AT5: 14.65 | AU5: 3.7 | AV5: 40.5 | AW5: ON | AX5: 0.19 | AY5: 0 | AZ5: 0.9355 | BA5: -0.068 | BB5: SEC | BC5: 268.17 | BD5: 64.75 | BE5: 1.0909 | BF5: 202.14 | BG5: -340.35 | BH5: -84.82 | BI5: -83.75 | BJ5: -86.42 | BK5: -85.35 | BL5: 0.76 | BM5: 8.3 | BN5: -2.32 | BO5: -4.22 | BP5: =BM5/BG5 -> -0.024386661 | BQ5: =BN5/BF5 -> -0.011477194 | BR5: =BO5/BL5 -> -5.5526316
A6: 1 | B6: speed sweep | D6: 5 | E6: 0 | F6: 46.3 | G6: =F6/2.237 -> 20.697363 | H6: 4.9 | I6: 0.26 | J6: 1.061 | K6: =J6/'25 CFD Data'!I6 -> 1.0574317 | L6: -1.808 | M6: =L6/'25 CFD Data'!H6 -> 0.97518621 | N6: -0.894 | O6: =N6/'25 CFD Data'!J21 -> 0.84189509 | P6: -0.913 | Q6: =P6/'25 CFD Data'!K21 -> 1.1526106 | R6: 0.019 | S6: =R6/'25 CFD Data'!L21 -> -0.070429015 | T6: 0.004 | U6: 0.032 | V6: -0.008 | W6: -0.014 | X6: 0.9523 | Y6: -0.05 | Z6: SEC | AN6: 1 | AO6: speed sweep | AP6: 5 | AQ6: 0 | AR6: 72.41 | AS6: 40 | AT6: 14.71 | AU6: 4.9 | AV6: 46.3 | AW6: ON | AX6: 0.26 | AY6: 0 | AZ6: 0.9523 | BA6: -0.05 | BB6: SEC | BC6: 350 | BD6: 74.38 | BE6: 1.0909 | BF6: 270.01 | BG6: -460.05 | BH6: -114.52 | BI6: -113.05 | BJ6: -116.97 | BK6: -115.5 | BL6: 1 | BM6: 12.74 | BN6: -3.09 | BO6: -5.8 | BP6: =BM6/BG6 -> -0.027692642 | BQ6: =BN6/BF6 -> -0.011444021 | BR6: =BO6/BL6 -> -5.8
BP7: =BM7/BG7 -> #DIV/0! | BQ7: =BN7/BF7 -> #DIV/0! | BR7: =BO7/BL7 -> #DIV/0!
A8: 2 | B8: yaw sweep | D8: 1 | E8: 0 | F8: 23.3 | G8: =F8/2.237 -> 10.415735 | H8: 1 | I8: 0.05 | J8: 1.028 | L8: -1.66 | N8: -0.825 | P8: -0.832 | R8: 0.007 | T8: 0.005 | U8: 0.011 | V8: -0.011 | W8: -0.003 | X8: 0.8005 | Y8: -0.205 | Z8: SEC | AN8: 2 | AO8: yaw sweep | AP8: 1 | AQ8: 0 | AR8: 71.41 | AS8: 40 | AT8: 15.36 | AU8: 1 | AV8: 23.3 | AW8: ON | AX8: 0.05 | AY8: 0 | AZ8: 0.8005 | BA8: -0.205 | BB8: SEC | BC8: 86.67 | BD8: 35.32 | BE8: 1.0909 | BF8: 56.07 | BG8: -90.53 | BH8: -22.57 | BI8: -22.51 | BJ8: -22.75 | BK8: -22.7 | BL8: 0.3 | BM8: 0.97 | BN8: -0.92 | BO8: -0.23 | BP8: =BM8/BG8 -> -0.01071468 | BQ8: =BN8/BF8 -> -0.016408061 | BR8: =BO8/BL8 -> -0.76666667
A9: 2 | B9: yaw sweep | D9: 2 | E9: 4 | F9: 23.4 | G9: =F9/2.237 -> 10.460438 | H9: 1 | I9: 0.06 | J9: 1.047 | K9: =J9/1.36 -> 0.76985294 | L9: -1.631 | M9: =L9/2.53 -> -0.64466403 | N9: -0.801 | P9: -0.822 | R9: 0.021 | T9: 0.192 | U9: 0.036 | V9: -0.009 | W9: 0.046 | X9: 0.8042 | Y9: -0.205 | Z9: SEC | AN9: 2 | AO9: yaw sweep | AP9: 2 | AQ9: 4 | AR9: 71.97 | AS9: 40 | AT9: 14.85 | AU9: 1 | AV9: 23.4 | AW9: ON | AX9: 0.06 | AY9: 0 | AZ9: 0.8042 | BA9: -0.205 | BB9: SEC | BC9: 86.83 | BD9: 35.23 | BE9: 1.0909 | BF9: 57.2 | BG9: -89.11 | BH9: -21.47 | BI9: -22.49 | BJ9: -22.07 | BK9: -23.08 | BL9: 10.48 | BM9: 3.08 | BN9: -0.82 | BO9: 3.99 | BP9: =BM9/BG9 -> -0.034564022 | BQ9: =BN9/BF9 -> -0.014335664 | BR9: =BO9/BL9 -> 0.38072519
A10: 2 | B10: yaw sweep | D10: 3 | E10: 6 | F10: 23.3 | G10: =F10/2.237 -> 10.415735 | H10: 1 | I10: 0.06 | J10: 1.032 | L10: -1.617 | N10: -0.803 | P10: -0.814 | R10: 0.011 | T10: 0.272 | U10: 0.018 | V10: 0.008 | W10: 0.051 | X10: 0.8028 | Y10: -0.204 | Z10: SEC | AN10: 2 | AO10: yaw sweep | AP10: 3 | AQ10: 6 | AR10: 72.31 | AS10: 40 | AT10: 14.57 | AU10: 1 | AV10: 23.3 | AW10: ON | AX10: 0.06 | AY10: 0 | AZ10: 0.8028 | BA10: -0.204 | BB10: SEC | BC10: 90.83 | BD10: 35.26 | BE10: 1.0909 | BF10: 56.25 | BG10: -88.17 | BH10: -21.34 | BI10: -22.45 | BJ10: -21.63 | BK10: -22.75 | BL10: 14.83 | BM10: 1.55 | BN10: 0.67 | BO10: 4.39 | BP10: =BM10/BG10 -> -0.017579676 | BQ10: =BN10/BF10 -> 0.011911111 | BR10: =BO10/BL10 -> 0.29602158
A11: 2 | B11: yaw sweep | D11: 4 | E11: 8 | F11: 23.3 | G11: =F11/2.237 -> 10.415735 | H11: 1 | I11: 0.06 | J11: 1.026 | L11: -1.559 | N11: -0.772 | P11: -0.781 | R11: 0.009 | T11: 0.365 | U11: 0.014 | V11: 0.023 | W11: 0.079 | X11: 0.797 | Y11: -0.208 | Z11: SEC | AN11: 2 | AO11: yaw sweep | AP11: 4 | AQ11: 8 | AR11: 72.43 | AS11: 40 | AT11: 14.46 | AU11: 1 | AV11: 23.3 | AW11: ON | AX11: 0.06 | AY11: 0 | AZ11: 0.797 | BA11: -0.208 | BB11: SEC | BC11: 85.5 | BD11: 35.27 | BE11: 1.0909 | BF11: 55.51 | BG11: -84.35 | BH11: -20.11 | BI11: -21.84 | BJ11: -20.34 | BK11: -22.06 | BL11: 19.74 | BM11: 1.16 | BN11: 1.93 | BO11: 6.79 | BP11: =BM11/BG11 -> -0.013752223 | BQ11: =BN11/BF11 -> 0.03476851 | BR11: =BO11/BL11 -> 0.34397163
A12: 2 | B12: yaw sweep | D12: 5 | E12: -2 | F12: 23.4 | G12: =F12/2.237 -> 10.460438 | H12: 1 | I12: 0.05 | J12: 1.021 | L12: -1.639 | N12: -0.808 | P12: -0.833 | R12: 0.025 | T12: -0.095 | U12: 0.039 | V12: -0.008 | W12: -0.008 | X12: 0.8016 | Y12: -0.202 | Z12: SEC | AN12: 2 | AO12: yaw sweep | AP12: 5 | AQ12: -2 | AR12: 72.29 | AS12: 40 | AT12: 14.41 | AU12: 1 | AV12: 23.4 | AW12: ON | AX12: 0.05 | AY12: 0 | AZ12: 0.8016 | BA12: -0.202 | BB12: SEC | BC12: 86.5 | BD12: 35.31 | BE12: 1.0909 | BF12: 55.8 | BG12: -89.54 | BH12: -22.14 | BI12: -21.97 | BJ12: -22.79 | BK12: -22.63 | BL12: -5.17 | BM12: 3.39 | BN12: -0.69 | BO12: -0.67 | BP12: =BM12/BG12 -> -0.037860174 | BQ12: =BN12/BF12 -> -0.012365591 | BR12: =BO12/BL12 -> 0.12959381
A13: 2 | B13: yaw sweep | D13: 6 | E13: -4 | F13: 23.3 | G13: =F13/2.237 -> 10.415735 | H13: 1 | I13: 0.05 | J13: 1.029 | L13: -1.619 | N13: -0.796 | P13: -0.821 | R13: 0.025 | T13: -0.186 | U13: 0.042 | V13: -0.017 | W13: -0.024 | X13: 0.8071 | Y13: -0.198 | Z13: SEC | AN13: 2 | AO13: yaw sweep | AP13: 6 | AQ13: -4 | AR13: 72.44 | AS13: 40 | AT13: 14.34 | AU13: 1 | AV13: 23.3 | AW13: ON | AX13: 0.05 | AY13: 0 | AZ13: 0.8071 | BA13: -0.198 | BB13: SEC | BC13: 87.83 | BD13: 35.36 | BE13: 1.0909 | BF13: 56.48 | BG13: -88.81 | BH13: -22.11 | BI13: -21.59 | BJ13: -22.82 | BK13: -22.3 | BL13: -10.19 | BM13: 3.68 | BN13: -1.47 | BO13: -2.05 | BP13: =BM13/BG13 -> -0.041436775 | BQ13: =BN13/BF13 -> -0.026026912 | BR13: =BO13/BL13 -> 0.20117763
A14: 2 | B14: yaw sweep | D14: 7 | E14: -6 | F14: 23.3 | G14: =F14/2.237 -> 10.415735 | H14: 1.1 | I14: 0.05 | J14: 1.023 | L14: -1.612 | N14: -0.795 | P14: -0.823 | R14: 0.028 | T14: -0.283 | U14: 0.046 | V14: -0.018 | W14: -0.05 | X14: 0.8061 | Y14: -0.199 | Z14: SEC | AN14: 2 | AO14: yaw sweep | AP14: 7 | AQ14: -6 | AR14: 72.31 | AS14: 40 | AT14: 14.37 | AU14: 1.1 | AV14: 23.3 | AW14: ON | AX14: 0.05 | AY14: 0 | AZ14: 0.8061 | BA14: -0.199 | BB14: SEC | BC14: 88.67 | BD14: 35.4 | BE14: 1.0909 | BF14: 56.29 | BG14: -88.72 | BH14: -22.35 | BI14: -21.24 | BJ14: -23.12 | BK14: -22.01 | BL14: -15.56 | BM14: 4.01 | BN14: -1.58 | BO14: -4.37 | BP14: =BM14/BG14 -> -0.045198377 | BQ14: =BN14/BF14 -> -0.028068929 | BR14: =BO14/BL14 -> 0.28084833
A15: 2 | B15: yaw sweep | D15: 8 | E15: -8 | F15: 23.4 | G15: =F15/2.237 -> 10.460438 | H15: 1 | I15: 0.05 | J15: 1.014 | L15: -1.557 | N15: -0.774 | P15: -0.792 | R15: 0.018 | T15: -0.376 | U15: 0.027 | V15: -0.039 | W15: -0.064 | X15: 0.8043 | Y15: -0.198 | Z15: SEC | AN15: 2 | AO15: yaw sweep | AP15: 8 | AQ15: -8 | AR15: 72.13 | AS15: 40 | AT15: 14.36 | AU15: 1 | AV15: 23.4 | AW15: ON | AX15: 0.05 | AY15: 0 | AZ15: 0.8043 | BA15: -0.198 | BB15: SEC | BC15: 84.83 | BD15: 35.4 | BE15: 1.0909 | BF15: 55.59 | BG15: -85.34 | BH15: -21.81 | BI15: -20.41 | BJ15: -22.26 | BK15: -20.86 | BL15: -20.61 | BM15: 2.36 | BN15: -3.37 | BO15: -5.52 | BP15: =BM15/BG15 -> -0.02765409 | BQ15: =BN15/BF15 -> -0.060622414 | BR15: =BO15/BL15 -> 0.26783115
BP16: =BM16/BG16 -> #DIV/0! | BQ16: =BN16/BF16 -> #DIV/0! | BR16: =BO16/BL16 -> #DIV/0!
A17: 3 | B17: yaw sweep 2 | D17: 1 | E17: -8 | F17: 34.8 | G17: =F17/2.237 -> 15.556549 | H17: 2.7 | I17: 0.14 | J17: 1.031 | L17: -1.667 | N17: -0.828 | P17: -0.836 | R17: 0.008 | T17: -0.391 | U17: 0.014 | V17: -0.046 | W17: -0.091 | X17: 0.914 | Y17: -0.089 | Z17: SEC | AN17: 3 | AO17: yaw sweep 2 | AP17: 1 | AQ17: -8 | AR17: 71.92 | AS17: 40 | AT17: 14.49 | AU17: 2.7 | AV17: 34.8 | AW17: ON | AX17: 0.14 | AY17: 0 | AZ17: 0.914 | BA17: -0.089 | BB17: SEC | BC17: 197.83 | BD17: 55.46 | BE17: 1.0909 | BF17: 143.27 | BG17: -231.71 | BH17: -60.15 | BI17: -55.1 | BJ17: -60.75 | BK17: -55.7 | BL17: -54.31 | BM17: 3.14 | BN17: -10.2 | BO17: -19.89 | BP17: =BM17/BG17 -> -0.013551422 | BQ17: =BN17/BF17 -> -0.071194249 | BR17: =BO17/BL17 -> 0.3662309
A18: 3 | B18: yaw sweep 2 | D18: 2 | E18: -6 | F18: 34.8 | G18: =F18/2.237 -> 15.556549 | H18: 2.7 | I18: 0.14 | J18: 1.05 | L18: -1.726 | N18: -0.856 | P18: -0.869 | R18: 0.013 | T18: -0.297 | U18: 0.021 | V18: -0.035 | W18: -0.073 | X18: 0.9129 | Y18: -0.091 | Z18: SEC | AN18: 3 | AO18: yaw sweep 2 | AP18: 2 | AQ18: -6 | AR18: 71.89 | AS18: 40 | AT18: 14.56 | AU18: 2.7 | AV18: 34.8 | AW18: ON | AX18: 0.14 | AY18: 0 | AZ18: 0.9129 | BA18: -0.091 | BB18: SEC | BC18: 197.5 | BD18: 55.42 | BE18: 1.0909 | BF18: 145.69 | BG18: -239.39 | BH18: -61.42 | BI18: -57.37 | BJ18: -62.32 | BK18: -58.27 | BL18: -41.14 | BM18: 4.68 | BN18: -7.63 | BO18: -15.95 | BP18: =BM18/BG18 -> -0.019549689 | BQ18: =BN18/BF18 -> -0.052371474 | BR18: =BO18/BL18 -> 0.38770053
A19: 3 | B19: yaw sweep 2 | D19: 3 | E19: -4 | F19: 34.9 | G19: =F19/2.237 -> 15.601252 | H19: 2.6 | I19: 0.14 | J19: 1.061 | L19: -1.754 | N19: -0.868 | P19: -0.887 | R19: 0.019 | T19: -0.191 | U19: 0.031 | V19: -0.023 | W19: -0.046 | X19: 0.9132 | Y19: -0.092 | Z19: SEC | AN19: 3 | AO19: yaw sweep 2 | AP19: 3 | AQ19: -4 | AR19: 71.75 | AS19: 40 | AT19: 14.58 | AU19: 2.6 | AV19: 34.9 | AW19: ON | AX19: 0.14 | AY19: 0 | AZ19: 0.9132 | BA19: -0.092 | BB19: SEC | BC19: 197.67 | BD19: 55.41 | BE19: 1.0909 | BF19: 147.44 | BG19: -243.71 | BH19: -61.57 | BI19: -58.99 | BJ19: -62.86 | BK19: -60.29 | BL19: -26.53 | BM19: 6.74 | BN19: -5.13 | BO19: -10.13 | BP19: =BM19/BG19 -> -0.02765582 | BQ19: =BN19/BF19 -> -0.034793814 | BR19: =BO19/BL19 -> 0.38183189
A20: 3 | B20: yaw sweep 2 | D20: 4 | E20: -2 | F20: 34.9 | G20: =F20/2.237 -> 15.601252 | H20: 2.7 | I20: 0.14 | J20: 1.053 | L20: -1.756 | N20: -0.869 | P20: -0.884 | R20: 0.015 | T20: -0.099 | U20: 0.024 | V20: -0.017 | W20: -0.029 | X20: 0.9153 | Y20: -0.089 | Z20: SEC | AN20: 3 | AO20: yaw sweep 2 | AP20: 4 | AQ20: -2 | AR20: 71.75 | AS20: 40 | AT20: 14.59 | AU20: 2.7 | AV20: 34.9 | AW20: ON | AX20: 0.14 | AY20: 0 | AZ20: 0.9153 | BA20: -0.089 | BB20: SEC | BC20: 201.83 | BD20: 55.37 | BE20: 1.0909 | BF20: 146.47 | BG20: -244.22 | BH20: -61.35 | BI20: -59.75 | BJ20: -62.35 | BK20: -60.75 | BL20: -13.73 | BM20: 5.2 | BN20: -3.8 | BO20: -6.3 | BP20: =BM20/BG20 -> -0.021292277 | BQ20: =BN20/BF20 -> -0.025943879 | BR20: =BO20/BL20 -> 0.45884924
A21: 3 | B21: yaw sweep 2 | D21: 5 | E21: 2 | F21: 34.9 | G21: =F21/2.237 -> 15.601252 | H21: 2.7 | I21: 0.14 | J21: 1.052 | L21: -1.741 | N21: -0.863 | P21: -0.874 | R21: 0.011 | T21: 0.097 | U21: 0.019 | V21: -0.008 | W21: 0.007 | X21: 0.9134 | Y21: -0.091 | Z21: SEC | AN21: 3 | AO21: yaw sweep 2 | AP21: 5 | AQ21: 2 | AR21: 71.85 | AS21: 40 | AT21: 14.56 | AU21: 2.7 | AV21: 34.9 | AW21: ON | AX21: 0.14 | AY21: 0 | AZ21: 0.9134 | BA21: -0.091 | BB21: SEC | BC21: 196 | BD21: 55.32 | BE21: 1.0909 | BF21: 146.13 | BG21: -241.8 | BH21: -59.86 | BI21: -60.25 | BJ21: -60.65 | BK21: -61.04 | BL21: 13.43 | BM21: 4.12 | BN21: -1.71 | BO21: 1.54 | BP21: =BM21/BG21 -> -0.017038875 | BQ21: =BN21/BF21 -> -0.011701909 | BR21: =BO21/BL21 -> 0.11466865
A22: 3 | B22: yaw sweep 2 | D22: 6 | E22: 4 | F22: 34.8 | G22: =F22/2.237 -> 15.556549 | H22: 2.7 | I22: 0.14 | J22: 1.059 | K22: =J22/1.378 -> 0.76850508 | L22: -1.747 | M22: =L22/2.6526 -> -0.65859911 | N22: -0.863 | P22: -0.881 | R22: 0.018 | T22: 0.192 | U22: 0.029 | V22: 0 | W22: 0.026 | X22: 0.9163 | Y22: -0.089 | Z22: SEC | AN22: 3 | AO22: yaw sweep 2 | AP22: 6 | AQ22: 4 | AR22: 72.11 | AS22: 40 | AT22: 14.44 | AU22: 2.7 | AV22: 34.8 | AW22: ON | AX22: 0.14 | AY22: 0 | AZ22: 0.9163 | BA22: -0.089 | BB22: SEC | BC22: 201 | BD22: 55.42 | BE22: 1.0909 | BF22: 147.27 | BG22: -243.01 | BH22: -59.43 | BI22: -60.85 | BJ22: -60.65 | BK22: -62.08 | BL22: 26.72 | BM22: 6.36 | BN22: 0.1 | BO22: 5.62 | BP22: =BM22/BG22 -> -0.026171762 | BQ22: =BN22/BF22 -> 0.00067902492 | BR22: =BO22/BL22 -> 0.21032934
A23: 3 | B23: yaw sweep 2 | D23: 7 | E23: 6 | F23: 34.8 | G23: =F23/2.237 -> 15.556549 | H23: 2.7 | I23: 0.14 | J23: 1.052 | L23: -1.724 | N23: -0.858 | P23: -0.868 | R23: 0.01 | T23: 0.286 | U23: 0.018 | V23: 0.015 | W23: 0.043 | X23: 0.9141 | Y23: -0.091 | Z23: SEC | AN23: 3 | AO23: yaw sweep 2 | AP23: 7 | AQ23: 6 | AR23: 72.26 | AS23: 40 | AT23: 14.37 | AU23: 2.7 | AV23: 34.8 | AW23: ON | AX23: 0.14 | AY23: 0 | AZ23: 0.9141 | BA23: -0.091 | BB23: SEC | BC23: 200.5 | BD23: 55.4 | BE23: 1.0909 | BF23: 146.16 | BG23: -239.62 | BH23: -58.33 | BI23: -60.73 | BJ23: -59.08 | BK23: -61.48 | BL23: 39.73 | BM23: 3.86 | BN23: 3.4 | BO23: 9.45 | BP23: =BM23/BG23 -> -0.016108839 | BQ23: =BN23/BF23 -> 0.023262178 | BR23: =BO23/BL23 -> 0.23785552
A24: 3 | B24: yaw sweep 2 | D24: 8 | E24: 8 | F24: 34.8 | G24: =F24/2.237 -> 15.556549 | H24: 2.6 | I24: 0.14 | J24: 1.037 | L24: -1.669 | N24: -0.834 | P24: -0.836 | R24: 0.002 | T24: 0.377 | U24: 0.004 | V24: 0.031 | W24: 0.063 | X24: 0.9123 | Y24: -0.091 | Z24: SEC | AN24: 3 | AO24: yaw sweep 2 | AP24: 8 | AQ24: 8 | AR24: 72.3 | AS24: 40 | AT24: 14.31 | AU24: 2.6 | AV24: 34.8 | AW24: ON | AX24: 0.14 | AY24: 0 | AZ24: 0.9123 | BA24: -0.091 | BB24: SEC | BC24: 200 | BD24: 55.43 | BE24: 1.0909 | BF24: 143.91 | BG24: -231.68 | BH24: -56.07 | BI24: -59.61 | BJ24: -56.23 | BK24: -59.77 | BL24: 52.28 | BM24: 0.83 | BN24: 6.73 | BO24: 13.92 | BP24: =BM24/BG24 -> -0.0035825276 | BQ24: =BN24/BF24 -> 0.046765339 | BR24: =BO24/BL24 -> 0.26625861

Sheet 25 CFD Data
A1: Sim ID | B1: Velocity | C1: Velocity | D1: Yaw Angle | E1: Run by | F1: Downforce ALL | G1: Drag ALL | H1: CFD CL | I1: Cd | J1: ClA | K1: CdA | L1: Aerodynamic Efficiency | M1: Percent downforce on front tire | N1: Percent downforce on rear tire | O1: Cl Mean | P1: Cl Variance | Q1: Cl CoV | R1: Cd Mean | S1: Cd Variance | T1: Cd CoV | U1: AeroBalance Mean | W1: AeroBalance Variance | Y1: AeroBalance CoV | Z1: Downforce Front Wing ALL | AA1: Drag Front Wing ALL | AB1: Downforce wing front 1 | AC1: Downforce wing front 2 | AD1: Downforce wing front 3 | AE1: Downforce wing front 4 | AF1: Downforce wing front 5 | AG1: Drag wing front 1 | AH1: Drag wing front 2 | AI1: Drag wing front 3 | AJ1: Drag wing front 4 | AK1: Drag wing front 5 | AL1: Downforce wing front end plate 1 | AM1: Downforce wing front end plate 2 | AN1: Downforce wing front end plate 3 | AO1: Drag wing front end plate 1 | AP1: Drag wing front end plate 2 | AQ1: Drag wing front end plate 3 | AR1: Downforce Jacking Bar | AS1: Drag Jacking Bar | AT1: Downforce Rear Wing ALL | AU1: Drag Rear Wing ALL | AV1: Downforce wing rear 1 | AW1: Downforce wing rear 2 | AX1: Downforce wing rear 3 | AY1: Downforce wing rear 4 | AZ1: Downforce wing rear 5 | BA1: Drag wing rear 1 | BB1: Drag wing rear 2 | BC1: Drag wing rear 3 | BD1: Drag wing rear 4 | BE1: Drag wing rear 5 | BF1: Downforce wing rear end plate | BG1: Drag wing rear end plate | BH1: Downforce Sidepods | BI1: Drag Sidepods | BJ1: Downforce wing side 1 | BK1: Downforce wing side 2 | BL1: Downforce wing side 3 | BM1: Downforce wing side 4 | BN1: Drag wing side 1 | BO1: Drag wing side 2 | BP1: Drag wing side 3 | BQ1: Drag wing side 4 | BR1: Downforce Suspension Covers | BS1: Drag Suspension Covers | BT1: Downforce Moustaches | BU1: Drag Moustaches | BV1: Downforce Diffuser | BW1: Drag Diffuser | BX1: Downforce Chassis | BY1: Drag Chassis | BZ1: Downforce Center body | CA1: Drag Center body | CB1: Nosecone Cl | CC1: Nosecone Cd | CD1: Nosecone FA | CE1: Downforce Suspension | CF1: Drag Suspension | CG1: Downforce Powertrain | CH1: Drag Powertrain | CI1: Downforce Mounts | CJ1: Drag Mounts | CK1: Downforce Intake manifold | CL1: Drag Intake manifold | CM1: Drag wheel front | CN1: Drag wheel rear | CO1: Front Tire Drag | CP1: Drag driver | CQ1: Drag head rest | CR1: Downforce Radiator Shrouds | CS1: Drag Radiator Shrouds | CT1: Radiator Mass Flow | CU1: Surface Average Fan Velocity | CV1: Fan volumetric flow rate | CW1: Mass Flow of fan | CX1: Force_x | CY1: Force_y | CZ1: XF_Z | DA1: ZF_X | DB1: X_Coord | DC1: Z_Coord | DD1: Planform area of the car | DE1: Frontal area of the car | DF1: Simulation Velocity | DG1: Density of Air | DH1: CFL Number | DI1: Solver Iteration Elapsed Time | DJ1: Total Solver Elapsed Time | DK1: Average Solver Iteration Time | DL1: Residual_Continuity | DM1: Residual_X-momentum | DN1: Residual_Y-momentum | DO1: Residual_Z-momentum | DP1: Residual_Tke | DQ1: Residual_Sdr
A2: 1.1 | B2: 10.415735 | C2: 23.3 | D2: 0 | E2: Sean | F2: 110.569 | G2: 62.738602 | H2: -1.6246541 | I2: 0.99647972 | J2: 0.78590753 | K2: 0.45977804 | L2: 1.7623759 | M2: 57.435575 | N2: 42.564425 | O2: 1.2999901 | P2: 0.13121655 | Q2: 0.27864693 | R2: 0.81088459 | S2: 0.028386334 | T2: 0.20777611 | U2: 53.53592 | V2: =(U2/100)*H2 -> -0.86977355 | W2: 32.191563 | X2: =(W2/100)*H2 -> -0.52300157 | Y2: 0.10598045 | Z2: 53.077436 | AA2: 13.177125 | AB2: 39.280229 | AC2: 3.9825818 | AD2: 2.5901432 | AE2: 1.7034708 | AF2: 1.1804028 | AG2: 2.022634 | AH2: 1.8430271 | AI2: 1.1936396 | AJ2: 1.676413 | AK2: 2.0646762 | AL2: 0.35638232 | AM2: 0.23573442 | AN2: 3.7484912 | AO2: 0.36174122 | AP2: 0.21494632 | AQ2: 1.7353713 | AR2: 0 | AS2: 0 | AT2: 52.964351 | AU2: 30.043181 | AV2: 38.761969 | AW2: 12.891512 | AX2: 0.91469 | AY2: 0 | AZ2: 0 | BA2: 6.3780621 | BB2: 16.456882 | BC2: 6.4916072 | BD2: 0 | BE2: 0 | BF2: -0.51851037 | BG2: 0.71663026 | BH2: 19.897235 | BI2: 3.2303951 | BJ2: 0 | BK2: 0 | BL2: 0 | BM2: 0 | BN2: 0 | BO2: 0 | BP2: 0 | BQ2: 0 | BR2: 0 | BS2: 0 | BT2: -3.5566857 | BU2: -0.25468886 | BV2: 10.228943 | BW2: 1.2309716 | BX2: 0.71936239 | BY2: 3.773555 | BZ2: -1.6012202 | CA2: 3.5283681 | CB2: 0 | CC2: 0 | CD2: 0 | CE2: -0.69012894 | CF2: 2.2331831 | CG2: 0 | CH2: 0 | CI2: -0.025212099 | CJ2: 1.5688064 | CK2: 0 | CL2: 0 | CM2: 1.1412445 | CN2: 1.9160774 | CO2: 1.1412445 | CP2: 0.65201218 | CQ2: 1.4143145 | CR2: 0.22816072 | CS2: -0.10388044 | CT2: 0.040353632 | CU2: 0 | CV2: 0 | CW2: 0 | CX2: 62.738602 | CY2: -110.569 | CZ2: -117.13952 | DA2: 27.780775 | DB2: 1.0594246 | DC2: 0.44280195 | DD2: 3.4672965 | DE2: 1.083653 | DF2: 10 | DG2: 1.162 | DH2: 100 | DI2: 8.9091208 | DJ2: 0.1520699 | DK2: 5.4203133 | DL2: 0.00046 | DM2: 0.0018135609 | DN2: 0.0012997636 | DO2: 0.0016924473 | DP2: 4.45e-05 | DQ2: 0.019729711
A3: 1.2 | B3: 13.008494 | C3: 29.1 | D3: 0 | E3: Sean | F3: 174.31417 | G3: 100.98819 | H3: -1.6420489 | I3: 0.94911206 | J3: 0.73313512 | K3: 0.43792249 | L3: 1.7260847 | M3: 56.462049 | N3: 43.537951 | O3: 1.2438041 | P3: 0.11028875 | Q3: 0.26700145 | R3: 0.78189903 | S3: 0.026384426 | T3: 0.20774145 | U3: 52.767599 | V3: =(U3/100)*H3 -> -0.86646977 | W3: 29.387566 | X3: =(W3/100)*H3 -> -0.4825582 | Y3: 0.10273407 | Z3: 84.13605 | AA3: 21.273478 | AB3: 61.898713 | AC3: 6.4535539 | AD3: 4.1179809 | AE3: 2.7911908 | AF3: 1.8788066 | AG3: 3.3643501 | AH3: 2.9585341 | AI3: 1.8736557 | AJ3: 2.7380168 | AK3: 3.3048163 | AL3: 0.58712241 | AM3: 0.3829992 | AN3: 6.0256836 | AO3: 0.58864484 | AP3: 0.33487793 | AQ3: 2.8057663 | AR3: 0 | AS3: 0 | AT3: 87.564297 | AU3: 49.421853 | AV3: 63.934486 | AW3: 21.430255 | AX3: 1.5224771 | AY3: 0 | AZ3: 0 | BA3: 10.189206 | BB3: 27.20636 | BC3: 10.886252 | BD3: 0 | BE3: 0 | BF3: -0.84539872 | BG3: 1.1400365 | BH3: 27.727471 | BI3: 4.8111219 | BJ3: 0 | BK3: 0 | BL3: 0 | BM3: 0 | BN3: 0 | BO3: 0 | BP3: 0 | BQ3: 0 | BR3: 0 | BS3: 0 | BT3: -5.8175238 | BU3: -0.40441974 | BV3: 15.224859 | BW3: 1.7869562 | BX3: 1.3345761 | BY3: 6.4044556 | BZ3: -4.9220352 | CA3: 5.5213936 | CB3: 0 | CC3: 0 | CD3: 0 | CE3: -1.057742 | CF3: 3.4552942 | CG3: 0 | CH3: 0 | CI3: -0.046261657 | CJ3: 2.5118401 | CK3: 0 | CL3: 0 | CM3: 1.7817791 | CN3: 2.5777501 | CO3: 1.7817791 | CP3: 1.0238876 | CQ3: 2.3820594 | CR3: 0.3787581 | CS3: -0.19019904 | CT3: 0.053234648 | CU3: 0 | CV3: 0 | CW3: 0 | CX3: 100.98819 | CY3: -174.31417 | CZ3: -188.05206 | DA3: 45.725743 | DB3: 1.0788111 | DC3: 0.45278307 | DD3: 3.4672965 | DE3: 1.083653 | DF3: 13 | DG3: 1.162 | DH3: 100 | DI3: 8.8032237 | DJ3: 0.15610318 | DK3: 5.5640737 | DL3: 0.000289 | DM3: 0.0012648498 | DN3: 0.000843 | DO3: 0.000651 | DP3: 3.2e-05 | DQ3: 0.020191466
A4: 1.3 | B4: 15.601252 | C4: 34.9 | D4: 0 | E4: Sean | F4: 283.55613 | G4: 162.15574 | H4: -1.857067 | I4: 1.0060648 | J4: 0.78729432 | K4: 0.46420061 | L4: 1.7486655 | M4: 57.442983 | N4: 42.557017 | O4: 1.2826455 | P4: 0.11854956 | Q4: 0.26843759 | R4: 0.79388085 | S4: 0.027884139 | T4: 0.21034069 | U4: 53.89559 | V4: =(U4/100)*H4 -> -1.0008772 | W4: 24.106025 | X4: =(W4/100)*H4 -> -0.44766502 | Y4: 0.091098152 | Z4: 137.61176 | AA4: 34.026644 | AB4: 101.61035 | AC4: 10.360466 | AD4: 6.7508139 | AE4: 4.4376544 | AF4: 3.1311143 | AG4: 4.9810543 | AH4: 4.7827136 | AI4: 3.0992119 | AJ4: 4.3472702 | AK4: 5.4376585 | AL4: 0.92594139 | AM4: 0.6205211 | AN4: 9.7748975 | AO4: 0.92509387 | AP4: 0.5537202 | AQ4: 4.4622625 | AR4: 0 | AS4: 0 | AT4: 139.92682 | AU4: 79.420665 | AV4: 101.99442 | AW4: 34.276045 | AX4: 2.4969472 | AY4: 0 | AZ4: 0 | BA4: 16.866388 | BB4: 43.562413 | BC4: 17.125279 | BD4: 0 | BE4: 0 | BF4: -1.3375463 | BG4: 1.8665842 | BH4: 46.743908 | BI4: 8.4412493 | BJ4: 0 | BK4: 0 | BL4: 0 | BM4: 0 | BN4: 0 | BO4: 0 | BP4: 0 | BQ4: 0 | BR4: 0 | BS4: 0 | BT4: -9.1699005 | BU4: -0.71133205 | BV4: 23.493 | BW4: 2.5436757 | BX4: 1.7350389 | BY4: 9.5622992 | BZ4: -5.9329841 | CA4: 9.7919059 | CB4: 0 | CC4: 0 | CD4: 0 | CE4: -1.8419356 | CF4: 5.7215623 | CG4: 0 | CH4: 0 | CI4: -0.055104387 | CJ4: 4.1061207 | CK4: 0 | CL4: 0 | CM4: 2.5604733 | CN4: 3.9886669 | CO4: 2.5604733 | CP4: 1.6550105 | CQ4: 3.7196205 | CR4: 0.64045285 | CS4: -0.26579245 | CT4: 0.065056899 | CU4: 0 | CV4: 0 | CW4: 0 | CX4: 162.15574 | CY4: -283.55613 | CZ4: -300.36451 | DA4: 73.402589 | DB4: 1.0592771 | DC4: 0.45266724 | DD4: 3.4672965 | DE4: 1.083653 | DF4: 16 | DG4: 1.162 | DH4: 100 | DI4: 7.8557535 | DJ4: 0.14203726 | DK4: 5.0627142 | DL4: 0.00057 | DM4: 0.0034871622 | DN4: 0.0020818214 | DO4: 0.0016186945 | DP4: 2.99e-05 | DQ4: 0.020544864
A5: 1.4 | B5: 18.104604 | C5: 40.5 | D5: 0 | E5: Sean | F5: 325.29984 | G5: 187.72426 | H5: -1.5820244 | I5: 0.92025675 | J5: 0.71363619 | K5: 0.42460858 | L5: 1.7328599 | M5: 56.73477 | N5: 43.26523 | O5: 1.2609406 | P5: 0.094458557 | Q5: 0.24373956 | R5: 0.77483187 | S5: 0.023282575 | T5: 0.19692825 | U5: 53.67066 | V5: =(U5/100)*H5 -> -0.84908292 | W5: 20.132977 | X5: =(W5/100)*H5 -> -0.31850861 | Y5: 0.083602077 | Z5: 158.9394 | AA5: 40.520866 | AB5: 116.33339 | AC5: 12.320221 | AD5: 7.9027265 | AE5: 5.3519733 | AF5: 3.6650538 | AG5: 6.238443 | AH5: 5.6227371 | AI5: 3.5615461 | AJ5: 5.2320053 | AK5: 6.389539 | AL5: 1.1182127 | AM5: 0.73832603 | AN5: 11.50949 | AO5: 1.1061348 | AP5: 0.63426905 | AQ5: 5.346653 | AR5: 0 | AS5: 0 | AT5: 164.35805 | AU5: 91.956968 | AV5: 119.96244 | AW5: 40.193107 | AX5: 2.8591897 | AY5: 0 | AZ5: 0 | BA5: 18.471352 | BB5: 50.810716 | BC5: 20.598931 | BD5: 0 | BE5: 0 | BF5: -1.5158787 | BG5: 2.075969 | BH5: 48.214314 | BI5: 9.1534778 | BJ5: 0 | BK5: 0 | BL5: 0 | BM5: 0 | BN5: 0 | BO5: 0 | BP5: 0 | BQ5: 0 | BR5: 0 | BS5: 0 | BT5: -10.800113 | BU5: -0.70332274 | BV5: 26.957717 | BW5: 2.9881056 | BX5: 1.7689293 | BY5: 10.81728 | BZ5: -9.5936395 | CA5: 11.57616 | CB5: 0 | CC5: 0 | CD5: 0 | CE5: -1.9686412 | CF5: 6.3469425 | CG5: 0 | CH5: 0 | CI5: -0.042625239 | CJ5: 4.6160225 | CK5: 0 | CL5: 0 | CM5: 3.054268 | CN5: 4.2851847 | CO5: 3.054268 | CP5: 1.8820265 | CQ5: 4.5898078 | CR5: 0.80922871 | CS5: -0.36686732 | CT5: 0.075317904 | CU5: 0 | CV5: 0 | CW5: 0 | CX5: 187.72426 | CY5: -325.29984 | CZ5: -349.1704 | DA5: 85.449852 | DB5: 1.0733802 | DC5: 0.45518811 | DD5: 3.4672965 | DE5: 1.083653 | DF5: 18 | DG5: 1.162 | DH5: 100 | DI5: 9.3194553 | DJ5: 0.21681312 | DK5: 7.7279925 | DL5: 0.0010486628 | DM5: 0.0070519699 | DN5: 0.0081982616 | DO5: 0.0075227151 | DP5: 0.001494641 | DQ5: 0.16413226
A6: 1.5 | B6: 20.697363 | C6: 46.3 | D6: 0 | E6: Sean | F6: 498.23414 | G6: 278.59162 | H6: -1.8540049 | I6: 1.0033745 | J6: 0.80303214 | K6: 0.46295932 | L6: 1.7884032 | M6: 57.275471 | N6: 42.724529 | O6: 1.402161 | P6: 0.1126652 | Q6: 0.23938503 | R6: 0.82760584 | S6: 0.026218785 | T6: 0.1956513 | U6: 54.743863 | V6: =(U6/100)*H6 -> -1.0149539 | W6: 15.427392 | X6: =(W6/100)*H6 -> -0.28602461 | Y6: 0.071748169 | Z6: 239.68893 | AA6: 58.662163 | AB6: 177.36797 | AC6: 17.965936 | AD6: 11.668454 | AE6: 7.6740044 | AF6: 5.4897865 | AG6: 8.2435717 | AH6: 8.296596 | AI6: 5.3289854 | AJ6: 7.5050395 | AK6: 9.5679764 | AL6: 1.5989722 | AM6: 1.0967464 | AN6: 16.827068 | AO6: 1.5714688 | AP6: 0.96214802 | AQ6: 7.6184008 | AR6: 0 | AS6: 0 | AT6: 242.36398 | AU6: 135.97515 | AV6: 176.87796 | AW6: 59.162745 | AX6: 4.3141058 | AY6: 0 | AZ6: 0 | BA6: 28.25937 | BB6: 75.092552 | BC6: 29.501696 | BD6: 0 | BE6: 0 | BF6: -2.3049298 | BG6: 3.1215306 | BH6: 86.815088 | BI6: 15.394458 | BJ6: 0 | BK6: 0 | BL6: 0 | BM6: 0 | BN6: 0 | BO6: 0 | BP6: 0 | BQ6: 0 | BR6: 0 | BS6: 0 | BT6: -15.771787 | BU6: -1.2516853 | BV6: 45.308991 | BW6: 4.962898 | BX6: 5.27984 | BY6: 19.347726 | BZ6: -13.871626 | CA6: 14.179931 | CB6: 0 | CC6: 0 | CD6: 0 | CE6: -3.2003785 | CF6: 9.5798005 | CG6: 0 | CH6: 0 | CI6: -0.17007792 | CJ6: 7.0632254 | CK6: 0 | CL6: 0 | CM6: 4.1152715 | CN6: 6.2702757 | CO6: 4.1152715 | CP6: 2.7996225 | CQ6: 6.4597703 | CR6: 1.3208362 | CS6: -0.47240949 | CT6: 0.087348023 | CU6: 0 | CV6: 0 | CW6: 0 | CX6: 278.59162 | CY6: -498.23414 | CZ6: -529.43 | DA6: 125.94032 | DB6: 1.0626129 | DC6: 0.4520607 | DD6: 3.4672965 | DE6: 1.083653 | DF6: 21 | DG6: 1.162 | DH6: 100 | DI6: 8.825475 | DJ6: 0.19964128 | DK6: 7.1159268 | DL6: 0.000564 | DM6: 0.0050133095 | DN6: 0.0026559132 | DO6: 0.0022561693 | DP6: 1.76e-05 | DQ6: 0.011128895
A7: 2.1 | B7: 10.415735 | C7: 23.3 | D7: 0 | E7: Sean | F7: 110.569 | G7: 62.738602 | H7: 1.6246541 | I7: 0.99647972 | J7: 0.78590753 | K7: 0.45977804 | L7: 1.7623759 | M7: 57.435575 | N7: 42.564425 | O7: 1.2999901 | P7: 0.13121655 | Q7: 0.27864693 | R7: 0.81088459 | S7: 0.028386334 | T7: 0.20777611 | U7: 53.53592 | V7: =(U7/100)*H7 -> 0.86977355 | W7: 32.191563 | X7: =(W7/100)*H7 -> 0.52300157 | Y7: 0.10598045 | Z7: 53.077436 | AA7: 13.177125 | AB7: 39.280229 | AC7: 3.9825818 | AD7: 2.5901432 | AE7: 1.7034708 | AF7: 1.1804028 | AG7: 2.022634 | AH7: 1.8430271 | AI7: 1.1936396 | AJ7: 1.676413 | AK7: 2.0646762 | AL7: 0.35638232 | AM7: 0.23573442 | AN7: 3.7484912 | AO7: 0.36174122 | AP7: 0.21494632 | AQ7: 1.7353713 | AR7: 0 | AS7: 0 | AT7: 52.964351 | AU7: 30.043181 | AV7: 38.761969 | AW7: 12.891512 | AX7: 0.91469 | AY7: 0 | AZ7: 0 | BA7: 6.3780621 | BB7: 16.456882 | BC7: 6.4916072 | BD7: 0 | BE7: 0 | BF7: -0.51851037 | BG7: 0.71663026 | BH7: 19.897235 | BI7: 3.2303951 | BJ7: 0 | BK7: 0 | BL7: 0 | BM7: 0 | BN7: 0 | BO7: 0 | BP7: 0 | BQ7: 0 | BR7: 0 | BS7: 0 | BT7: -3.5566857 | BU7: -0.25468886 | BV7: 10.228943 | BW7: 1.2309716 | BX7: 0.71936239 | BY7: 3.773555 | BZ7: -1.6012202 | CA7: 3.5283681 | CB7: 0 | CC7: 0 | CD7: 0 | CE7: -0.69012894 | CF7: 2.2331831 | CG7: 0 | CH7: 0 | CI7: -0.025212099 | CJ7: 1.5688064 | CK7: 0 | CL7: 0 | CM7: 1.1412445 | CN7: 1.9160774 | CO7: 1.1412445 | CP7: 0.65201218 | CQ7: 1.4143145 | CR7: 0.22816072 | CS7: -0.10388044 | CT7: 0.040353632 | CU7: 0 | CV7: 0 | CW7: 0 | CX7: 62.738602 | CY7: -110.569 | CZ7: -117.13952 | DA7: 27.780775 | DB7: 1.0594246 | DC7: 0.44280195 | DD7: 3.4672965 | DE7: 1.083653 | DF7: 10 | DG7: 1.162 | DH7: 100 | DI7: 8.9091208 | DJ7: 0.1520699 | DK7: 5.4203133 | DL7: 0.00046 | DM7: 0.0018135609 | DN7: 0.0012997636 | DO7: 0.0016924473 | DP7: 4.45e-05 | DQ7: 0.019729711
A8: 2.3 | B8: 10.415735 | C8: 23.3 | D8: 6 | E8: Edo | F8: 201.26554 | G8: 89.18407 | H8: 2.9573107 | I8: 1.3054025 | J8: 1.3183507 | K8: 0.60218173 | L8: 2.2567431 | M8: 58.126979 | N8: 41.873021 | O8: 2.8679209 | P8: 3.09e-05 | Q8: 0.0019388608 | R8: 1.3023157 | S8: 3.79e-06 | T8: 0.0014952676 | U8: 58.173144 | V8: =(U8/100)*H8 -> 1.7203606 | W8: 0.000237 | X8: =(W8/100)*H8 -> 7.0088263e-06 | Y8: 0.000264 | Z8: 79.22968 | AA8: 17.860092 | AB8: 58.815988 | AC8: 5.4705368 | AD8: 4.0090205 | AE8: 2.2741864 | AF8: 1.8413777 | AG8: 2.2040243 | AH8: 2.5745206 | AI8: 1.8507631 | AJ8: 2.1902766 | AK8: 2.9776848 | AL8: 0.44444451 | AM8: 0.35698555 | AN8: 6.0171398 | AO8: 0.4074884 | AP8: 0.31910311 | AQ8: 2.3585461 | AR8: 0 | AS8: 0 | AT8: 82.703671 | AU8: 41.380927 | AV8: 63.134006 | AW8: 17.567572 | AX8: 1.2715307 | AY8: 0 | AZ8: 0 | BA8: 10.238988 | BB8: 22.269171 | BC8: 7.6942116 | BD8: 0 | BE8: 0 | BF8: -0.5409686 | BG8: 1.1785562 | BH8: 48.151705 | BI8: 8.4033678 | BJ8: 0 | BK8: 0 | BL8: 0 | BM8: 0 | BN8: 0 | BO8: 0 | BP8: 0 | BQ8: 0 | BR8: 0 | BS8: 0 | BT8: -4.194434 | BU8: -0.35365363 | BV8: 9.8250836 | BW8: 1.1646202 | BX8: 0.72365821 | BY8: 3.3526981 | BZ8: 9.7906239 | CA8: 8.2212915 | CB8: 0 | CC8: 0 | CD8: 0 | CE8: -0.9199781 | CF8: 2.4208914 | CG8: 0 | CH8: 0 | CI8: -0.37899472 | CJ8: 1.4025315 | CK8: 0 | CL8: 0 | CM8: 1.4448513 | CN8: 2.7454403 | CO8: 1.4448513 | CP8: 0.65099317 | CQ8: 1.5003125 | CR8: -0.49295045 | CS8: 0.076002074 | CT8: 0.053188106 | CU8: 0 | CV8: 0 | CW8: 0 | CX8: 89.18407 | CY8: -201.26554 | CZ8: -210.4544 | DA8: 36.970806 | DB8: 1.0456554 | DC8: 0.41454495 | DD8: 3.4712356 | DE8: 1.0838941 | DF8: 10.415735 | DG8: 1.162 | DH8: 100 | DI8: 59.752 | DJ8: 3.80498 | DK8: 22.791894
A9: 2.5 | B9: 10.415735 | C9: 23.3 | D9: -2 | E9: Ellie | F9: 217.68923 | G9: 97.6795 | H9: 3.1986335 | I9: 1.4295582 | J9: 1.4257381 | K9: 0.65936555 | L9: 2.2286071 | M9: 55.868268 | N9: 44.131732 | O9: 3.0909846 | P9: 3.12e-06 | Q9: 0.000571 | R9: 1.4285821 | S9: 1.02e-06 | T9: 0.000707 | U9: 55.866087 | V9: =(U9/100)*H9 -> 1.7869513 | W9: 0.001179223 | X9: =(W9/100)*H9 -> 3.7719023e-05 | Y9: 0.000615 | Z9: 81.658929 | AA9: 18.234866 | AB9: 60.680749 | AC9: 5.5951035 | AD9: 4.1902989 | AE9: 2.3158841 | AF9: 1.8372517 | AG9: 2.2245309 | AH9: 2.6460169 | AI9: 1.9188761 | AJ9: 2.2455791 | AK9: 2.9662162 | AL9: 0.45192953 | AM9: 0.35400718 | AN9: 6.2337055 | AO9: 0.44115742 | AP9: 0.33117899 | AQ9: 2.4950943 | AR9: 0 | AS9: 0 | AT9: 93.764021 | AU9: 48.430609 | AV9: 69.925926 | AW9: 20.799972 | AX9: 1.7531483 | AY9: 0 | AZ9: 0 | BA9: 12.631081 | BB9: 26.004943 | BC9: 8.3823489 | BD9: 0 | BE9: 0 | BF9: -0.46817319 | BG9: 1.4122358 | BH9: 52.207391 | BI9: 9.2064742 | BJ9: 0 | BK9: 0 | BL9: 0 | BM9: 0 | BN9: 0 | BO9: 0 | BP9: 0 | BQ9: 0 | BR9: 0 | BS9: 0 | BT9: -4.3874266 | BU9: -0.4166191 | BV9: 11.561921 | BW9: 1.4840422 | BX9: 0.57489193 | BY9: 3.160384 | BZ9: 12.053398 | CA9: 8.9055825 | CB9: 0 | CC9: 0 | CD9: 0 | CE9: -0.9505147 | CF9: 2.3946368 | CG9: 0 | CH9: 0 | CI9: -0.50269017 | CJ9: 1.5012685 | CK9: 0 | CL9: 0 | CM9: 1.6729675 | CN9: 2.3053575 | CO9: 1.6729675 | CP9: 0.59139234 | CQ9: 1.4159916 | CR9: 0.28234707 | CS9: -0.087373444 | CT9: 0.061012885 | CU9: 0 | CV9: 0 | CW9: 0 | CX9: 97.6795 | CY9: -217.68923 | CZ9: -237.41961 | DA9: 42.105661 | DB9: 1.0906356 | DC9: 0.43105934 | DD9: 3.4711877 | DE9: 1.0840407 | DF9: 10.415735 | DG9: 1.162 | DH9: 100 | DI9: 44.43 | DJ9: 9.6138933 | DK9: 23.073344
A10: 2.7 | B10: 10.415735 | C10: 23.3 | D10: -6 | E10: Edo | F10: 203.13877 | G10: 91.42177 | H10: 2.9848352 | I10: 1.3379971 | J10: 1.3304629 | K10: 0.61714431 | L10: 2.2219956 | M10: 57.798074 | N10: 42.201926 | O10: 2.891524 | P10: 5.97e-06 | Q10: 0.000845 | R10: 1.3378275 | S10: 6.67e-07 | T10: 0.000611 | U10: 57.815395 | V10: =(U10/100)*H10 -> 1.7256943 | W10: 0.000411 | X10: =(W10/100)*H10 -> 1.2267673e-05 | Y10: 0.000351 | Z10: 80.07001 | AA10: 17.972295 | AB10: 59.487239 | AC10: 5.4917547 | AD10: 4.0536449 | AE10: 2.2833127 | AF10: 1.8475182 | AG10: 2.2041865 | AH10: 2.5891172 | AI10: 1.8661211 | AJ10: 2.198381 | AK10: 2.9908814 | AL10: 0.4383586 | AM10: 0.35523887 | AN10: 6.1129432 | AO10: 0.41194324 | AP10: 0.32483351 | AQ10: 2.3959498 | AR10: 0 | AS10: 0 | AT10: 85.178548 | AU10: 44.019783 | AV10: 64.184542 | AW10: 18.937963 | AX10: 1.3401195 | AY10: 0 | AZ10: 0 | BA10: 11.251529 | BB10: 23.845393 | BC10: 7.7200983 | BD10: 0 | BE10: 0 | BF10: -0.62419629 | BG10: 1.2027632 | BH10: 45.987286 | BI10: 8.1117266 | BJ10: 0 | BK10: 0 | BL10: 0 | BM10: 0 | BN10: 0 | BO10: 0 | BP10: 0 | BQ10: 0 | BR10: 0 | BS10: 0 | BT10: -4.2314671 | BU10: -0.37713793 | BV10: 8.7671984 | BW10: 1.2456952 | BX10: 0.3702249 | BY10: 2.928422 | BZ10: 11.452467 | CA10: 8.9426802 | CB10: 0 | CC10: 0 | CD10: 0 | CE10: -0.9654844 | CF10: 2.4389893 | CG10: 0 | CH10: 0 | CI10: -0.41012578 | CJ10: 1.3998691 | CK10: 0 | CL10: 0 | CM10: 1.6036694 | CN10: 2.529776 | CO10: 1.6036694 | CP10: 0.54231352 | CQ10: 1.420626 | CR10: 0.55411195 | CS10: -0.17149207 | CT10: 0.057917883 | CU10: 0 | CV10: 0 | CW10: 0 | CX10: 91.42177 | CY10: -203.13877 | CZ10: -213.7437 | DA10: 38.755836 | DB10: 1.0522053 | DC10: 0.4239235 | DD10: 3.471128 | DE10: 1.0840229 | DF10: 10.415735 | DG10: 1.162 | DH10: 100 | DI10: 42.065 | DJ10: 6.4084789 | DK10: 23.070524
A11: 2.8 | B11: 10.415735 | C11: 23.3 | D11: -8 | E11: Edo | F11: 195.70506 | G11: 87.298112 | H11: 2.8756074 | I11: 1.2816347 | J11: 1.2857776 | K11: 0.59120274 | L11: 2.2418018 | M11: 59.039374 | N11: 40.960626 | O11: 2.7719487 | P11: 9.18e-05 | Q11: 0.0034561054 | R11: 1.2766383 | S11: 1.47e-05 | T11: 0.0030051501 | U11: 59.143585 | V11: =(U11/100)*H11 -> 1.7007373 | W11: 0.0069991156 | X11: =(W11/100)*H11 -> 0.00020126708 | Y11: 0.0014145358 | Z11: 77.948725 | AA11: 17.681649 | AB11: 57.864336 | AC11: 5.4658859 | AD11: 3.8869004 | AE11: 2.230161 | AF11: 1.8283563 | AG11: 2.1698268 | AH11: 2.5748587 | AI11: 1.7921323 | AJ11: 2.1630298 | AK11: 2.9729381 | AL11: 0.46177422 | AM11: 0.36409626 | AN11: 5.8472157 | AO11: 0.4308903 | AP11: 0.30597315 | AQ11: 2.2990622 | AR11: 0 | AS11: 0 | AT11: 79.344981 | AU11: 40.406543 | AV11: 60.104493 | AW11: 17.401945 | AX11: 1.2296849 | AY11: 0 | AZ11: 0 | BA11: 10.125074 | BB11: 21.852246 | BC11: 7.4641209 | BD11: 0 | BE11: 0 | BF11: -0.62082626 | BG11: 0.96510271 | BH11: 44.191014 | BI11: 7.7212342 | BJ11: 0 | BK11: 0 | BL11: 0 | BM11: 0 | BN11: 0 | BO11: 0 | BP11: 0 | BQ11: 0 | BR11: 0 | BS11: 0 | BT11: -4.1247932 | BU11: -0.33780618 | BV11: 7.7490403 | BW11: 0.87736857 | BX11: 0.27660986 | BY11: 3.2389233 | BZ11: 10.775569 | CA11: 8.5638262 | CB11: 0 | CC11: 0 | CD11: 0 | CE11: -0.90811033 | CF11: 2.4303472 | CG11: 0 | CH11: 0 | CI11: -0.36169568 | CJ11: 1.3344293 | CK11: 0 | CL11: 0 | CM11: 1.7044675 | CN11: 2.8732656 | CO11: 1.7044675 | CP11: 0.58307388 | CQ11: 1.5297542 | CR11: 0.65986955 | CS11: -0.17546446 | CT11: 0.0582578 | CU11: 0 | CV11: 0 | CW11: 0 | CX11: 87.298112 | CY11: -195.70506 | CZ11: -201.08441 | DA11: 36.109231 | DB11: 1.027487 | DC11: 0.4136313 | DD11: 3.4711308 | DE11: 1.0839215 | DF11: 10.4 | DG11: 1.162 | DH11: 100 | DI11: 378.264 | DJ11: 65.285383 | DK11: 417.45538
A12: 3.1 | B12: 15.556549 | C12: 34.8 | D12: -8 | E12: Edo | F12: 438.04102 | G12: 193.60428 | H12: 2.8853312 | I12: 1.2703239 | J12: 1.2862303 | K12: 0.58598523 | L12: 2.2625586 | M12: 59.720403 | N12: 40.279597 | O12: 2.7772095 | P12: 0.000259 | Q12: 0.0057973945 | R12: 1.2637286 | S12: 4.19e-05 | T12: 0.0051214919 | U12: 59.989957 | V12: =(U12/100)*H12 -> 1.7309089 | W12: 0.054574024 | X12: =(W12/100)*H12 -> 0.0015746413 | Y12: 0.0038941658 | Z12: 177.77969 | AA12: 39.8461 | AB12: 132.09012 | AC12: 12.313166 | AD12: 8.9018302 | AE12: 5.0475963 | AF12: 4.2411202 | AG12: 4.6387525 | AH12: 5.7998562 | AI12: 4.0941829 | AJ12: 4.8797107 | AK12: 6.8493829 | AL12: 1.0407334 | AM12: 0.82472298 | AN12: 13.320408 | AO12: 0.96212447 | AP12: 0.68125641 | AQ12: 5.0914513 | AR12: 0 | AS12: 0 | AT12: 176.7264 | AU12: 90.291343 | AV12: 133.63286 | AW12: 38.792267 | AX12: 2.8508384 | AY12: 0 | AZ12: 0 | BA12: 22.201263 | BB12: 48.923222 | BC12: 17.059337 | BD12: 0 | BE12: 0 | BF12: -1.4004056 | BG12: 2.1075211 | BH12: 99.467569 | BI12: 17.162117 | BJ12: 0 | BK12: 0 | BL12: 0 | BM12: 0 | BN12: 0 | BO12: 0 | BP12: 0 | BQ12: 0 | BR12: 0 | BS12: 0 | BT12: -9.4613651 | BU12: -0.84547309 | BV12: 17.012369 | BW12: 1.8178438 | BX12: 0.28950135 | BY12: 6.7317047 | BZ12: 22.278602 | CA12: 19.365431 | CB12: 0 | CC12: 0 | CD12: 0 | CE12: -1.8708324 | CF12: 5.0909177 | CG12: 0 | CH12: 0 | CI12: -0.7699798 | CJ12: 2.9438664 | CK12: 0 | CL12: 0 | CM12: 3.5814744 | CN12: 6.1098844 | CO12: 3.5814744 | CP12: 1.228158 | CQ12: 3.4380118 | CR12: 1.4445843 | CS12: -0.43887296 | CT12: 0.088736973 | CU12: 0 | CV12: 0 | CW12: 0 | CX12: 193.60428 | CY12: -438.04102 | CZ12: -444.14085 | DA12: 80.803412 | DB12: 1.0139252 | DC12: 0.41736377 | DD12: 3.4711308 | DE12: 1.0839215 | DF12: 15.556549 | DG12: 1.162 | DH12: 100 | DI12: 662.161 | DJ12: 98.437036 | DK12: 558.06823
A13: 3.2 | B13: 15.556549 | C13: 34.8 | D13: -6 | E13: Keegan | F13: 463.04919 | G13: 200.66503 | H13: 3.0500574 | I13: 1.3176319 | J13: 1.3606736 | K13: 0.60774788 | L13: 2.3075729 | M13: 58.061073 | N13: 41.938927 | O13: 2.9298424 | P13: 0.000209 | Q13: 0.004938563 | R13: 1.3124804 | S13: 1.57e-05 | T13: 0.0030158695 | U13: 57.961117 | V13: =(U13/100)*H13 -> 1.7678474 | W13: 0.0052498567 | X13: =(W13/100)*H13 -> 0.00016012364 | Y13: 0.0012500776 | Z13: 181.14548 | AA13: 40.437479 | AB13: 134.52542 | AC13: 12.36747 | AD13: 9.1290565 | AE13: 5.1716084 | AF13: 4.2756214 | AG13: 4.7810486 | AH13: 5.8214113 | AI13: 4.2099233 | AJ13: 4.9631389 | AK13: 6.8658141 | AL13: 1.0181842 | AM13: 0.83035023 | AN13: 13.827766 | AO13: 0.91102842 | AP13: 0.71135957 | AQ13: 5.3079407 | AR13: 0 | AS13: 0 | AT13: 189.18154 | AU13: 96.650917 | AV13: 143.27477 | AW13: 41.309895 | AX13: 3.0036213 | AY13: 0 | AZ13: 0 | BA13: 24.694557 | BB13: 51.902339 | BC13: 17.553911 | BD13: 0 | BE13: 0 | BF13: -1.4103653 | BG13: 2.5001112 | BH13: 102.80651 | BI13: 18.113558 | BJ13: 0 | BK13: 0 | BL13: 0 | BM13: 0 | BN13: 0 | BO13: 0 | BP13: 0 | BQ13: 0 | BR13: 0 | BS13: 0 | BT13: -9.4910597 | BU13: -0.86115135 | BV13: 20.964058 | BW13: 2.8268996 | BX13: 0.82131277 | BY13: 7.74477 | BZ13: 24.568152 | CA13: 17.941477 | CB13: 0 | CC13: 0 | CD13: 0 | CE13: -2.0725305 | CF13: 5.11135 | CG13: 0 | CH13: 0 | CI13: -0.92445897 | CJ13: 3.0296377 | CK13: 0 | CL13: 0 | CM13: 3.3282612 | CN13: 5.6076041 | CO13: 3.3282612 | CP13: 0.90070413 | CQ13: 3.0921619 | CR13: 1.3410862 | CS13: -0.42301269 | CT13: 0.0893102 | CU13: 0 | CV13: 0 | CW13: 0 | CX13: 200.66503 | CY13: -463.04919 | CZ13: -484.79771 | DA13: 84.981146 | DB13: 1.046968 | DC13: 0.42349753 | DD13: 3.4711278 | DE13: 1.0840284 | DF13: 15.55 | DG13: 1.162 | DH13: 100 | DI13: 412.38 | DJ13: 59.974183 | DK13: 431.81412
A14: 3.4 | B14: 15.556549 | C14: 34.8 | D14: -2 | E14: Edo | F14: 491.40504 | G14: 216.57379 | H14: 3.2368345 | I14: 1.4220841 | J14: 1.4439873 | K14: 0.65592103 | L14: 2.2689958 | M14: 56.057279 | N14: 43.942721 | O14: 3.1250264 | P14: 1.53e-05 | Q14: 0.0012498564 | R14: 1.419846 | S14: 2.68e-06 | T14: 0.0011526094 | U14: 56.091472 | V14: =(U14/100)*H14 -> 1.8155881 | W14: 0.0016061108 | X14: =(W14/100)*H14 -> 5.1987149e-05 | Y14: 0.000714 | Z14: 184.66138 | AA14: 40.886491 | AB14: 137.20445 | AC14: 12.565614 | AD14: 9.4584472 | AE14: 5.2364054 | AF14: 4.224457 | AG14: 4.7753347 | AH14: 5.9402227 | AI14: 4.328257 | AJ14: 5.0592311 | AK14: 6.7695719 | AL14: 1.0353329 | AM14: 0.82488524 | AN14: 14.111782 | AO14: 0.97338366 | AP14: 0.73025889 | AQ14: 5.540659 | AR14: 0 | AS14: 0 | AT14: 210.67675 | AU14: 109.34847 | AV14: 156.57805 | AW14: 47.016779 | AX14: 4.0566346 | AY14: 0 | AZ14: 0 | BA14: 28.204545 | BB14: 58.847188 | BC14: 19.144805 | BD14: 0 | BE14: 0 | BF14: -1.0313439 | BG14: 3.151931 | BH14: 112.89509 | BI14: 20.322468 | BJ14: 0 | BK14: 0 | BL14: 0 | BM14: 0 | BN14: 0 | BO14: 0 | BP14: 0 | BQ14: 0 | BR14: 0 | BS14: 0 | BT14: -9.9485028 | BU14: -0.98693998 | BV14: 24.588975 | BW14: 3.1468245 | BX14: 1.0425794 | BY14: 7.763159 | BZ14: 25.276235 | CA14: 19.208572 | CB14: 0 | CC14: 0 | CD14: 0 | CE14: -2.1280951 | CF14: 5.0888643 | CG14: 0 | CH14: 0 | CI14: -1.1714043 | CJ14: 3.3121903 | CK14: 0 | CL14: 0 | CM14: 3.4588457 | CN14: 3.455108 | CO14: 3.4588457 | CP14: 1.3004014 | CQ14: 3.1638597 | CR14: 0.7469748 | CS14: -0.24707741 | CT14: 0.092289163 | CU14: 0 | CV14: 0 | CW14: 0 | CX14: 216.57379 | CY14: -491.40504 | CZ14: -534.0942 | DA14: 95.048493 | DB14: 1.0868716 | DC14: 0.43887347 | DD14: 3.4711818 | DE14: 1.084036 | DF14: 15.55 | DG14: 1.162 | DH14: 100 | DI14: 311.791 | DJ14: 56.702256 | DK14: 326.08326
A15: 3.5 | B15: 15.556549 | C15: 34.8 | D15: 2 | E15: Edo | F15: 484.30944 | G15: 217.07507 | H15: 3.1900965 | I15: 1.4252195 | J15: 1.4229812 | K15: 0.65729525 | L15: 2.231069 | M15: 56.550853 | N15: 43.449147 | O15: 3.0843424 | P15: 2.34e-07 | Q15: 0.000157 | R15: 1.4249012 | S15: 2.09e-08 | T15: 0.000101 | U15: 56.564167 | V15: =(U15/100)*H15 -> 1.8044515 | W15: 5.23e-05 | X15: =(W15/100)*H15 -> 1.6684205e-06 | Y15: 0.000128 | Z15: 185.15116 | AA15: 40.897851 | AB15: 137.86104 | AC15: 12.545256 | AD15: 9.4713554 | AE15: 5.2318789 | AF15: 4.2421265 | AG15: 4.7546988 | AH15: 5.9354961 | AI15: 4.3391263 | AJ15: 5.0560063 | AK15: 6.7963386 | AL15: 1.0071119 | AM15: 0.80390849 | AN15: 13.988484 | AO15: 0.9787341 | AP15: 0.73871501 | AQ15: 5.5023971 | AR15: 0 | AS15: 0 | AT15: 207.60722 | AU15: 107.80373 | AV15: 154.3886 | AW15: 46.310885 | AX15: 3.9843081 | AY15: 0 | AZ15: 0 | BA15: 27.426772 | BB15: 58.242328 | BC15: 19.007466 | BD15: 0 | BE15: 0 | BF15: -1.0608803 | BG15: 3.1271675 | BH15: 118.17785 | BI15: 20.42828 | BJ15: 0 | BK15: 0 | BL15: 0 | BM15: 0 | BN15: 0 | BO15: 0 | BP15: 0 | BQ15: 0 | BR15: 0 | BS15: 0 | BT15: -9.9946992 | BU15: -1.0079626 | BV15: 25.222344 | BW15: 3.2951198 | BX15: 0.74797331 | BY15: 6.6306097 | BZ15: 24.908515 | CA15: 21.11445 | CB15: 0 | CC15: 0 | CD15: 0 | CE15: -2.0691267 | CF15: 5.2044484 | CG15: 0 | CH15: 0 | CI15: -1.0157252 | CJ15: 3.2194024 | CK15: 0 | CL15: 0 | CM15: 3.2682931 | CN15: 4.5392414 | CO15: 3.2682931 | CP15: 1.2763442 | CQ15: 3.1466069 | CR15: -0.14463367 | CS15: -0.1984045 | CT15: 0.088469281 | CU15: 0 | CV15: 0 | CW15: 0 | CX15: 217.07507 | CY15: -484.30944 | CZ15: -521.62163 | DA15: 94.308306 | DB15: 1.077042 | DC15: 0.4344502 | DD15: 3.4711729 | DE15: 1.0841547 | DF15: 15.55 | DG15: 1.162 | DH15: 100 | DI15: 120.837 | DJ15: 11.259112 | DK15: 27.021869
J17: =H2*(M2/100) -> -0.93312945 | K17: =H2*(N2/100) -> -0.69152468 | L17: =J17-K17 -> -0.24160477
J18: =H3*(M3/100) -> -0.92713444 | K18: =H3*(N3/100) -> -0.71491445 | L18: =J18-K18 -> -0.21222
J19: =H4*(M4/100) -> -1.0667547 | K19: =H4*(N4/100) -> -0.7903123 | L19: =J19-K19 -> -0.27644237
J20: =H5*(M5/100) -> -0.89755789 | K20: =H5*(N5/100) -> -0.68446648 | L20: =J20-K20 -> -0.21309142
J21: =H6*(M6/100) -> -1.06189 | K21: =H6*(N6/100) -> -0.79211485 | L21: =J21-K21 -> -0.26977518

Sheet 26CFDDATA
A1: source_file | B1: yaw | C1: velocity | D1: Downforce ALL | E1: Drag ALL | F1: 2026 CFD CL | G1: CL Corrected | H1: 2026 CFD CD | I1: CD Corrected | J1: ClA | K1: CdA | L1: Aerodynamic Efficiency | M1: Percent downforce on front tire | P1: Percent downforce on rear tire | S1: Cl Mean | T1: Cl Variance | U1: Cl CoV | V1: Cd Mean | W1: Cd Variance | X1: Cd CoV | Y1: AeroBalance Mean | Z1: AeroBalance Variance | AA1: AeroBalance CoV | AB1: Downforce Front Wing ALL | AE1: Drag Front Wing ALL | AG1: Downforce wing front 1 | AH1: Downforce wing front 2 | AI1: Downforce wing front 3 | AJ1: Downforce wing front 4 | AK1: Downforce wing front 5 | AL1: Drag wing front 1 | AM1: Drag wing front 2 | AN1: Drag wing front 3 | AO1: Drag wing front 4 | AP1: Drag wing front 5 | AQ1: Downforce wing front end plate 1 | AR1: Downforce wing front end plate 2 | AS1: Downforce wing front end plate 3 | AT1: Drag wing front end plate 1 | AU1: Drag wing front end plate 2 | AV1: Drag wing front end plate 3 | AW1: Downforce Jacking Bar | AX1: Drag Jacking Bar | AY1: Downforce Rear Wing ALL | BA1: Drag Rear Wing ALL | BC1: Downforce wing rear 1 | BD1: Downforce wing rear 2 | BE1: Downforce wing rear 3 | BF1: Downforce wing rear 4 | BG1: Downforce wing rear 5 | BH1: Drag wing rear 1 | BI1: Drag wing rear 2 | BJ1: Drag wing rear 3 | BK1: Drag wing rear 4 | BL1: Drag wing rear 5 | BM1: Downforce wing rear end plate | BN1: Drag wing rear end plate | BO1: Downforce Sidepods | BQ1: Drag Sidepods | BS1: Downforce wing side 1 | BT1: Downforce wing side 2 | BU1: Downforce wing side 3 | BV1: Downforce wing side 4 | BW1: Drag wing side 1 | BX1: Drag wing side 2 | BY1: Drag wing side 3 | BZ1: Drag wing side 4 | CA1: Downforce Suspension Covers | CB1: Drag Suspension Covers | CC1: Downforce Moustaches | CD1: Drag Moustaches | CE1: Downforce Diffuser | CF1: Drag Diffuser | CG1: Downforce Chassis | CH1: Drag Chassis | CI1: Downforce Center body | CJ1: Drag Center body | CK1: Nosecone Cl | CL1: Nosecone Cd | CM1: Nosecone FA | CN1: Downforce Suspension | CO1: Drag Suspension | CP1: Downforce Powertrain | CQ1: Drag Powertrain | CR1: Downforce Mounts | CS1: Drag Mounts | CT1: Downforce Intake manifold | CU1: Drag Intake manifold | CV1: Drag wheel front | CW1: Drag wheel rear | CX1: Front Tire Drag | CY1: Drag driver | CZ1: Drag head rest | DA1: Downforce Radiator Shrouds | DB1: Drag Radiator Shrouds | DC1: Radiator Mass Flow | DD1: Surface Average Fan Velocity | DE1: Fan volumetric flow rate | DF1: Mass Flow of fan | DG1: Force_x | DH1: Force_y | DI1: XF_Z | DJ1: ZF_X | DK1: X_Coord | DL1: Z_Coord | DM1: Planform area of the car | DN1: Frontal area of the car | DO1: Simulation Velocity | DP1: Density of Air | DQ1: CFL Number | DR1: Solver Iteration Elapsed Time | DS1: Total Solver Elapsed Time | DT1: Average Solver Iteration Time
A2: Go4-26_BiggerDomain_FullCar_2_0degyaw_10ms_Reports.csv | B2: 0 | C2: 10 | D2: 242.03866 | E2: 94.606276 | F2: =D2/(0.5*DP2*DN2*(DO2^2)) -> 3.4460563 | G2: =F2*S19 -> 3.510423 | H2: 1.3469689 | I2: =T19*H2 -> 1.3868723 | J2: 1.5421506 | K2: 0.60439549 | L2: 2.5583785 | M2: 62.975533 | N2: =(M2/100)*F2 -> 2.1701723 | O2: =N2*U19 -> 2.0459823 | P2: 37.024467 | Q2: =F2*(P2/100) -> 1.275884 | R2: =Q2*V19 -> 2.0370171 | S2: 3.4346666 | T2: 1.066845e-06 | U2: 0.00030072261 | V2: 1.3465103 | W2: 2.2462712e-07 | X2: 0.00035198279 | Y2: 62.970784 | Z2: 7.5700552e-05 | AA2: 0.00013816894 | AB2: 86.79534 | AC2: =AB2/(0.5*1.16*1.09*C2^2) -> 1.3729095 | AD2: =AC2*U19 -> 1.2943436 | AE2: 18.77177 | AF2: =AE2*T19 -> 19.327876 | AG2: 67.390584 | AH2: 5.6043969 | AI2: 4.3662512 | AJ2: 2.0534716 | AK2: 2.2151148 | AL2: 2.3915606 | AM2: 2.5420414 | AN2: 2.0339737 | AO2: 2.0326509 | AP2: 3.6738848 | AQ2: 4.0266306 | AR2: 0.4337077 | AS2: 0.70518305 | AT2: 1.6448744 | AU2: 0.33955814 | AV2: 0.43934161 | AW2: 0 | AX2: 0 | AY2: 91.821332 | AZ2: =(AY2*V19)/(0.5*1.16*1.09*C2^2) -> 2.3188496 | BA2: 48.362741 | BB2: =(BA2*T19)/(0.5*1.16*1.09*C2^2) -> 0.78765369 | BC2: 68.786935 | BD2: 20.917934 | BE2: 1.4367862 | BF2: 0 | BG2: 0 | BH2: 12.222178 | BI2: 26.598656 | BJ2: 7.9579997 | BK2: 0 | BL2: 0 | BM2: -0.75710995 | BN2: 1.5839065 | BO2: 63.878175 | BP2: =(S19*BO2)/(0.5*1.16*1.09*C2^2) -> 1.0292837 | BQ2: 8.8900017 | BR2: =(T19*BQ2)/(0.5*1.16*1.09*C2^2) -> 0.14478589 | BS2: 0 | BT2: 0 | BU2: 0 | BV2: 0 | BW2: 0 | BX2: 0 | BY2: 0 | BZ2: 0 | CA2: 0 | CB2: 0 | CC2: 0 | CD2: 0 | CE2: 0 | CF2: 0 | CG2: -0.017894555 | CH2: 0.66777714 | CI2: 6.422974 | CJ2: 11.401142 | CK2: 0 | CL2: 0 | CM2: 0 | CN2: -0.1458251 | CO2: 4.6855299 | CP2: 0 | CQ2: 0 | CR2: 0 | CS2: 0 | CT2: 0 | CU2: 0 | CV2: 0.97002346 | CW2: 1.4731112 | CX2: 0.97002346 | CY2: 2.7107777 | CZ2: 0 | DA2: -0.8191062 | DB2: -0.051876299 | DC2: 0.10639776 | DD2: 0 | DE2: 0 | DF2: 0 | DG2: 94.606276 | DH2: -242.03866 | DI2: -234.47744 | DJ2: 45.307342 | DK2: 0.96876025 | DL2: 0.47890419 | DM2: 3.451008 | DN2: 1.1143109 | DO2: 10.415735 | DP2: 1.162 | DQ2: 100 | DR2: 23.604 | DS2: 3.3717633 | DT2: 24.084024
A3: Go4-26_BiggerDomain_FullCar_2_zeroyaw_10ms.csv | B3: 0 | C3: 10 | D3: 242.03345 | E3: 94.638943 | F3: =D3/(0.5*DP3*DN3*(DO3^2)) -> 3.4459771 | G3: =F3*S20 -> 3.6284513 | H3: 1.3474321 | I3: =T20*H3 -> 1.4849817 | J3: 1.5421151 | K3: 0.60460247 | L3: 2.5574403 | M3: 62.984089 | N3: =(M3/100)*F3 -> 2.1704173 | O3: =N3*U20 -> 2.1617259 | P3: 37.015911 | Q3: =F3*(P3/100) -> 1.2755598 | R3: =Q3*V20 -> 2.3049824 | S3: 3.4354891 | T3: 1.0696612e-06 | U3: 0.00030104718 | V3: 1.3468297 | W3: 4.5074339e-07 | X3: 0.00049848489 | Y3: 62.985162 | Z3: 6.516394e-05 | AA3: 0.00012816381 | AB3: 86.8432 | AC3: =AB3/(0.5*1.16*1.09*C3^2) -> 1.3736666 | AD3: =AC3*U20 -> 1.3681657 | AE3: 18.805791 | AF3: =AE3*T20 -> 20.725538 | AG3: 67.424028 | AH3: 5.6064565 | AI3: 4.3687846 | AJ3: 2.054855 | AK3: 2.2217121 | AL3: 2.3918405 | AM3: 2.5430669 | AN3: 2.0352445 | AO3: 2.0338468 | AP3: 3.6887186 | AQ3: 4.0302053 | AR3: 0.43188095 | AS3: 0.70527773 | AT3: 1.6450233 | AU3: 0.33988581 | AV3: 0.43944624 | AW3: 0 | AX3: 0 | AY3: 91.838642 | AZ3: =(AY3*S20)/(0.5*1.16*1.09*C3^2) -> 1.529607 | BA3: 48.414592 | BB3: =(BA3*T20)/(0.5*1.16*1.09*C3^2) -> 0.84398743 | BC3: 68.777756 | BD3: 20.944165 | BE3: 1.4378492 | BF3: 0 | BG3: 0 | BH3: 12.238472 | BI3: 26.629104 | BJ3: 7.962991 | BK3: 0 | BL3: 0 | BM3: -0.75897742 | BN3: 1.5840243 | BO3: 63.744862 | BP3: =(S20*BO3)/(0.5*1.16*1.09*C3^2) -> 1.0616946 | BQ3: 8.8900828 | BR3: =(T20*BQ3)/(0.5*1.16*1.09*C3^2) -> 0.15497638 | BS3: 0 | BT3: 0 | BU3: 0 | BV3: 0 | BW3: 0 | BX3: 0 | BY3: 0 | BZ3: 0 | CA3: 0 | CB3: 0 | CC3: 0 | CD3: 0 | CE3: 0 | CF3: 0 | CG3: -0.01646053 | CH3: 0.6674698 | CI3: 6.4358402 | CJ3: 11.390655 | CK3: 0 | CL3: 0 | CM3: 0 | CN3: -0.14563511 | CO3: 4.683699 | CP3: 0 | CQ3: 0 | CR3: 0 | CS3: 0 | CT3: 0 | CU3: 0 | CV3: 0.96583831 | CW3: 1.4582242 | CX3: 0.96583831 | CY3: 2.7097479 | CZ3: 0 | DA3: -0.80634519 | DB3: -0.055629433 | DC3: 0.10622059 | DD3: 0 | DE3: 0 | DF3: 0 | DG3: 94.638943 | DH3: -242.03345 | DI3: -234.43212 | DJ3: 45.34777 | DK3: 0.9685939 | DL3: 0.47916606 | DM3: 3.451007 | DN3: 1.1143125 | DO3: 10.415735 | DP3: 1.162 | DQ3: 100 | DR3: 21.995 | DS3: 3.1664567 | DT3: 22.177518
A4: Go4-26_BiggerDomain_FullCar_2_zeroyaw_13ms.csv | B4: 0 | C4: 13 | D4: 380.90891 | E4: 147.91425 | F4: =D4/(0.5*DP4*DN4*(DO4^2)) -> 3.4768343 | G4: =F4*S21 -> 3.2932316 | H4: 1.3501216 | I4: =T21*H4 -> 1.4144498 | J4: 1.5559242 | K4: 0.60580923 | L4: 2.575201 | M4: 63.041249 | N4: =(M4/100)*F4 -> 2.1918398 | O4: =N4*U21 -> 1.9052293 | P4: 36.958751 | Q4: =F4*(P4/100) -> 1.2849945 | R4: =Q4*V21 -> 2.5345965 | S4: 3.4602454 | T4: 1.9198889e-05 | U4: 0.0012662841 | V4: 1.3484483 | W4: 5.4693424e-06 | X4: 0.001734336 | Y4: 63.072675 | Z4: 0.00033087336 | AA4: 0.00028839628 | AB4: 136.71467 | AC4: =AB4/(0.5*1.16*1.09*C4^2) -> 1.2795991 | AD4: =AC4*U21 -> 1.1122755 | AE4: 29.478872 | AF4: =AE4*T21 -> 30.883429 | AG4: 106.16039 | AH4: 8.8172385 | AI4: 6.8502643 | AJ4: 3.2444829 | AK4: 3.5001485 | AL4: 3.6573087 | AM4: 4.0034385 | AN4: 3.192149 | AO4: 3.2041066 | AP4: 5.815419 | AQ4: 6.3395793 | AR4: 0.68627854 | AS4: 1.1162936 | AT4: 2.5699447 | AU4: 0.5355257 | AV4: 0.68556092 | AW4: 0 | AX4: 0 | AY4: 144.51804 | AZ4: =(AY4*V21)/(0.5*1.16*1.09*C4^2) -> 2.6680159 | BA4: 75.70439 | BB4: =(BA4*T21)/(0.5*1.16*1.09*C4^2) -> 0.74232575 | BC4: 108.34249 | BD4: 32.767052 | BE4: 2.2789808 | BF4: 0 | BG4: 0 | BH4: 19.057992 | BI4: 41.667717 | BJ4: 12.510526 | BK4: 0 | BL4: 0 | BM4: -1.149461 | BN4: 2.4681552 | BO4: 100.6098 | BP4: =(S21*BO4)/(0.5*1.16*1.09*C4^2) -> 0.89194354 | BQ4: 13.876207 | BR4: =(T21*BQ4)/(0.5*1.16*1.09*C4^2) -> 0.13606431 | BS4: 0 | BT4: 0 | BU4: 0 | BV4: 0 | BW4: 0 | BX4: 0 | BY4: 0 | BZ4: 0 | CA4: 0 | CB4: 0 | CC4: 0 | CD4: 0 | CE4: 0 | CF4: 0 | CG4: -0.027101857 | CH4: 0.99742229 | CI4: 9.6786733 | CJ4: 18.0501 | CK4: 0 | CL4: 0 | CM4: 0 | CN4: -0.13633768 | CO4: 7.244232 | CP4: 0 | CQ4: 0 | CR4: 0 | CS4: 0 | CT4: 0 | CU4: 0 | CV4: 1.3758584 | CW4: 2.2955378 | CX4: 1.3758584 | CY4: 4.1504009 | CZ4: 0 | DA4: -1.3471216 | DB4: -0.063300039 | DC4: 0.13226333 | DD4: 0 | DE4: 0 | DF4: 0 | DG4: 147.91425 | DH4: -380.90891 | DI4: -368.52272 | DJ4: 70.933877 | DK4: 0.96748254 | DL4: 0.47956082 | DM4: 3.451007 | DN4: 1.1143125 | DO4: 13.008494 | DP4: 1.162 | DQ4: 100 | DR4: 37.37 | DS4: 6.2434122 | DT4: 22.476284
A5: Go4-26_BiggerDomain_FullCar_zeroyaw_18_Reports.csv | B5: 0 | C5: 18 | D5: 742.28975 | E5: 286.09659 | F5: =D5/(0.5*DP5*DN5*(DO5^2)) -> 3.4979393 | G5: =F5*S22 -> 3.9312517 | H5: 1.3481911 | I5: =T22*H5 -> 1.5470572 | J5: 1.5653688 | K5: 0.60494304 | L5: 2.5945425 | M5: 63.274978 | N5: =(M5/100)*F5 -> 2.2133203 | O5: =N5*U22 -> 2.2939124 | P5: 36.725022 | Q5: =F5*(P5/100) -> 1.284619 | R5: =Q5*V22 -> 3.6137755 | S5: 3.4868574 | T5: 2.867015e-06 | U5: 0.00048560236 | V5: 1.3487928 | W5: 3.5278122e-07 | X5: 0.00044035963 | Y5: 63.254734 | Z5: 0.0011460642 | AA5: 0.00053519424 | AB5: 267.48103 | AC5: =AB5/(0.5*1.16*1.09*C5^2) -> 1.3058506 | AD5: =AC5*U22 -> 1.3533996 | AE5: 57.460658 | AF5: =AE5*T22 -> 65.936441 | AG5: 207.73206 | AH5: 17.268606 | AI5: 13.289579 | AJ5: 6.4006295 | AK5: 6.8535406 | AL5: 6.8849207 | AM5: 7.8542957 | AN5: 6.2020012 | AO5: 6.3017639 | AP5: 11.425039 | AQ5: 12.368096 | AR5: 1.3661898 | AS5: 2.2023327 | AT5: 4.977714 | AU5: 1.0581581 | AV5: 1.3317261 | AW5: 0 | AX5: 0 | AY5: 281.90147 | AZ5: =(AY5*V22)/(0.5*1.16*1.09*C5^2) -> 3.8715482 | BA5: 147.3589 | BB5: =(BA5*T22)/(0.5*1.16*1.09*C5^2) -> 0.82552795 | BC5: 211.24751 | BD5: 63.76306 | BE5: 4.5212462 | BF5: 0 | BG5: 0 | BH5: 36.787463 | BI5: 81.190977 | BJ5: 24.581942 | BK5: 0 | BL5: 0 | BM5: -2.1515947 | BN5: 4.7985214 | BO5: 195.91017 | BP5: =(S22*BO5)/(0.5*1.16*1.09*C5^2) -> 1.0749198 | BQ5: 26.680039 | BR5: =(T22*BQ5)/(0.5*1.16*1.09*C5^2) -> 0.14946581 | BS5: 0 | BT5: 0 | BU5: 0 | BV5: 0 | BW5: 0 | BX5: 0 | BY5: 0 | BZ5: 0 | CA5: 0 | CB5: 0 | CC5: 0 | CD5: 0 | CE5: 0 | CF5: 0 | CG5: -0.05005011 | CH5: 1.7653762 | CI5: 17.36059 | CJ5: 34.708922 | CK5: 0 | CL5: 0 | CM5: 0 | CN5: -0.050774594 | CO5: 13.666861 | CP5: 0 | CQ5: 0 | CR5: 0 | CS5: 0 | CT5: 0 | CU5: 0 | CV5: 2.5544765 | CW5: 4.4337624 | CX5: 2.5544765 | CY5: 7.7597462 | CZ5: 0 | DA5: -2.6863321 | DB5: -0.055747176 | DC5: 0.18224588 | DD5: 0 | DE5: 0 | DF5: 0 | DG5: 286.09659 | DH5: -742.28975 | DI5: -714.77916 | DJ5: 138.03202 | DK5: 0.9629382 | DL5: 0.4824665 | DM5: 3.451007 | DN5: 1.1143125 | DO5: 18.104604 | DP5: 1.162 | DQ5: 100 | DR5: 72.54 | DS5: 7.1264039 | DT5: 63.977691
A6: Go4-26_BiggerDomain_FullCar_zeroyaw_20_7ms_Reports.csv | B6: 0 | C6: 20 | D6: 967.953 | E6: 372.38106 | F6: =D6/(0.5*DP6*DN6*(DO6^2)) -> 3.4901262 | G6: =F6*S23 -> 3.403523 | H6: 1.342686 | I6: =T23*H6 -> 1.4197987 | J6: 1.5618724 | K6: 0.60247284 | L6: 2.5993615 | M6: 63.334096 | N6: =(M6/100)*F6 -> 2.2104399 | O6: =N6*U23 -> 1.9470178 | P6: 36.665904 | Q6: =F6*(P6/100) -> 1.2796863 | R6: =Q6*V23 -> 4.084801 | S6: 3.4795099 | T6: 1.4796122e-05 | U6: 0.0011054927 | V6: 1.3437384 | W6: 1.2495182e-06 | X6: 0.00083187214 | Y6: 63.294769 | Z6: 0.0005724516 | AA6: 0.0003780085 | AB6: 349.921 | AC6: =AB6/(0.5*1.16*1.09*C6^2) -> 1.3837433 | AD6: =AC6*U23 -> 1.2188401 | AE6: 75.0037 | AF6: =AE6*T23 -> 79.311287 | AG6: 271.84073 | AH6: 22.591617 | AI6: 17.26933 | AJ6: 8.3895096 | AK6: 8.9546806 | AL6: 8.8626922 | AM6: 10.283823 | AN6: 8.060421 | AO6: 8.2547155 | AP6: 14.961356 | AQ6: 16.189589 | AR6: 1.7998579 | AS6: 2.885686 | AT6: 6.4925921 | AU6: 1.3908208 | AV6: 1.7359231 | AW6: 0 | AX6: 0 | AY6: 369.18802 | AZ6: =(AY6*V23)/(0.5*1.16*1.09*C6^2) -> 4.6601565 | BA6: 190.61836 | BB6: =(BA6*T23)/(0.5*1.16*1.09*C6^2) -> 0.79708118 | BC6: 277.4761 | BD6: 82.706534 | BE6: 5.9136083 | BF6: 0 | BG6: 0 | BH6: 46.839076 | BI6: 105.3071 | BJ6: 32.320658 | BK6: 0 | BL6: 0 | BM6: -2.8218308 | BN6: 6.1515241 | BO6: 256.28078 | BP6: =(S23*BO6)/(0.5*1.16*1.09*C6^2) -> 0.98830071 | BQ6: 34.528187 | BR6: =(T23*BQ6)/(0.5*1.16*1.09*C6^2) -> 0.14438152 | BS6: 0 | BT6: 0 | BU6: 0 | BV6: 0 | BW6: 0 | BX6: 0 | BY6: 0 | BZ6: 0 | CA6: 0 | CB6: 0 | CC6: 0 | CD6: 0 | CE6: 0 | CF6: 0 | CG6: -0.084116378 | CH6: 2.2968496 | CI6: 19.148853 | CJ6: 45.416481 | CK6: 0 | CL6: 0 | CM6: 0 | CN6: 0.020817194 | CO6: 18.456309 | CP6: 0 | CQ6: 0 | CR6: 0 | CS6: 0 | CT6: 0 | CU6: 0 | CV6: 3.1949885 | CW6: 6.0141214 | CX6: 3.1949885 | CY6: 10.350069 | CZ6: 0 | DA6: -3.0423184 | DB6: 0.027113645 | DC6: 0.20544148 | DD6: 0 | DE6: 0 | DF6: 0 | DG6: 372.38106 | DH6: -967.953 | DI6: -930.96633 | DJ6: 179.49514 | DK6: 0.96178877 | DL6: 0.48202006 | DM6: 3.451007 | DN6: 1.1143125 | DO6: 20.697363 | DP6: 1.162 | DQ6: 100 | DR6: 40.878 | DS6: 9.6219475 | DT6: 56.785264
A8: Go4-26_BiggerDomain_FullCar_2__1__-2degyaw_10ms---_Reports.csv | B8: -2 | C8: 10 | D8: 239.44479 | E8: 93.204865 | F8: =D8/(0.5*DP8*DN8*(DO8^2)) -> 3.4109294 | H8: 1.3277183 | J8: 1.5264309 | K8: 0.59607276 | L8: 2.569016 | M8: 63.414031 | P8: 36.585969 | S8: 3.4023786 | T8: 2.0304961e-05 | U8: 0.0013243978 | V8: 1.3292505 | W8: 8.1168276e-06 | X8: 0.0021433166 | Y8: 63.405497 | Z8: 0.0049327329 | AA8: 0.0011076866 | AB8: 87.145655 | AE8: 18.979896 | AG8: 67.783484 | AH8: 5.587262 | AI8: 4.3328975 | AJ8: 2.0366791 | AK8: 2.2237666 | AL8: 2.6411456 | AM8: 2.5329143 | AN8: 2.0264272 | AO8: 2.0190441 | AP8: 3.6918705 | AQ8: 4.0419748 | AR8: 0.43343022 | AS8: 0.70616142 | AT8: 1.6181269 | AU8: 0.32834257 | AV8: 0.43015406 | AW8: 0 | AX8: 0 | AY8: 90.651078 | BA8: 47.21956 | BC8: 68.026263 | BD8: 20.494855 | BE8: 1.4564591 | BF8: 0 | BG8: 0 | BH8: 11.817531 | BI8: 25.976536 | BJ8: 8.0314105 | BK8: 0 | BL8: 0 | BM8: -0.78295859 | BN8: 1.3940825 | BO8: 62.45995 | BQ8: 8.7409298 | BS8: 0 | BT8: 0 | BU8: 0 | BV8: 0 | BW8: 0 | BX8: 0 | BY8: 0 | BZ8: 0 | CA8: 0 | CB8: 0 | CC8: 0 | CD8: 0 | CE8: 0 | CF8: 0 | CG8: -0.035280403 | CH8: 0.65522803 | CI8: 6.0023164 | CJ8: 10.995808 | CK8: 0 | CL8: 0 | CM8: 0 | CN8: -0.14008455 | CO8: 4.6482735 | CP8: 0 | CQ8: 0 | CR8: 0 | CS8: 0 | CT8: 0 | CU8: 0 | CV8: 0.9579222 | CW8: 1.6816369 | CX8: 0.9579222 | CY8: 2.6763458 | CZ8: 0 | DA8: -0.653421 | DB8: -0.069880956 | DC8: 0.10777914 | DD8: 0 | DE8: 0 | DF8: 0 | DG8: 93.204865 | DH8: -239.44479 | DI8: -229.92308 | DJ8: 44.363963 | DK8: 0.96023422 | DL8: 0.47598334 | DM8: 3.451659 | DN8: 1.1137216 | DO8: 10.415735 | DP8: 1.162 | DQ8: 100 | DR8: 472.563 | DS8: 107.93394 | DT8: 485.70271
A9: Go4-26_BiggerDomain_FullCar_2_-4degyaw_10ms_Reports.csv | B9: -4 | C9: 10 | D9: 235.03387 | E9: 91.650569 | F9: =D9/(0.5*DP9*DN9*(DO9^2)) -> 3.346445 | H9: 1.3049336 | J9: 1.4975733 | K9: 0.58555498 | L9: 2.5644562 | M9: 63.785716 | P9: 36.214284 | S9: 3.3360393 | T9: 1.3098835e-06 | U9: 0.00034307193 | V9: 1.304598 | W9: 1.4341268e-08 | X9: 9.1794583e-05 | Y9: 63.777174 | Z9: 5.9026182e-05 | AA9: 0.00012046394 | AB9: 86.348361 | AE9: 18.833513 | AG9: 67.163895 | AH9: 5.5481231 | AI9: 4.2704704 | AJ9: 2.0498973 | AK9: 2.1670687 | AL9: 2.6412671 | AM9: 2.4938515 | AN9: 1.9914404 | AO9: 2.0225922 | AP9: 3.6328188 | AQ9: 3.9837508 | AR9: 0.43602397 | AS9: 0.72913189 | AT9: 1.624022 | AU9: 0.33706602 | AV9: 0.45763611 | AW9: 0 | AX9: 0 | AY9: 88.501424 | BA9: 45.887687 | BC9: 66.692156 | BD9: 19.807232 | BE9: 1.4015439 | BF9: 0 | BG9: 0 | BH9: 11.532149 | BI9: 25.175785 | BJ9: 7.8688046 | BK9: 0 | BL9: 0 | BM9: -0.80105205 | BN9: 1.3109485 | BO9: 61.150122 | BQ9: 8.3746346 | BS9: 0 | BT9: 0 | BU9: 0 | BV9: 0 | BW9: 0 | BX9: 0 | BY9: 0 | BZ9: 0 | CA9: 0 | CB9: 0 | CC9: 0 | CD9: 0 | CE9: 0 | CF9: 0 | CG9: -0.00589955 | CH9: 0.62313452 | CI9: 6.0579768 | CJ9: 10.997761 | CK9: 0 | CL9: 0 | CM9: 0 | CN9: -0.19368879 | CO9: 4.5926493 | CP9: 0 | CQ9: 0 | CR9: 0 | CS9: 0 | CT9: 0 | CU9: 0 | CV9: 1.0485571 | CW9: 1.9861913 | CX9: 1.0485571 | CY9: 2.6047616 | CZ9: 0 | DA9: -0.36458363 | DB9: -0.081105949 | DC9: 0.11093237 | DD9: 0 | DE9: 0 | DF9: 0 | DG9: 91.650569 | DH9: -235.03387 | DI9: -223.98906 | DJ9: 43.229143 | DK9: 0.95300761 | DL9: 0.47167349 | DM9: 3.4516555 | DN9: 1.1142708 | DO9: 10.415735 | DP9: 1.162 | DQ9: 100 | DR9: 25.32 | DS9: 4.1648583 | DT9: 25.156862
A10: Go4-26_BiggerDomain_FullCar_2_NEG6degyaw_10ms_Copy_Reports.csv | B10: -6 | C10: 10 | D10: 242.03201 | E10: 94.595933 | F10: =D10/(0.5*DP10*DN10*(DO10^2)) -> 3.4459616 | H10: 1.3468217 | J10: 1.5421082 | K10: 0.60432942 | L10: 2.5585879 | M10: 62.974173 | P10: 37.025827 | S10: 3.4346251 | T10: 9.2746896e-07 | U10: 0.00028039506 | V10: 1.3465306 | W10: 2.5277364e-07 | X10: 0.00037337881 | Y10: 62.969336 | Z10: 0.00011474688 | AA10: 0.0001701145 | AB10: 86.790811 | AE10: 18.770706 | AG10: 67.387318 | AH10: 5.6042092 | AI10: 4.3658496 | AJ10: 2.0534553 | AK10: 2.2149027 | AL10: 2.3912927 | AM10: 2.5419952 | AN10: 2.0337955 | AO10: 2.0326436 | AP10: 3.6736595 | AQ10: 4.0262299 | AR10: 0.43371106 | AS10: 0.7051359 | AT10: 1.6447542 | AU10: 0.33956638 | AV10: 0.43933976 | AW10: 0 | AX10: 0 | AY10: 91.824699 | BA10: 48.358737 | BC10: 68.791488 | BD10: 20.916386 | BE10: 1.4368549 | BF10: 0 | BG10: 0 | BH10: 12.220649 | BI10: 26.596907 | BJ10: 7.9577103 | BK10: 0 | BL10: 0 | BM10: -0.75688496 | BN10: 1.5834709 | BO10: 63.873198 | BQ10: 8.8894415 | BS10: 0 | BT10: 0 | BU10: 0 | BV10: 0 | BW10: 0 | BX10: 0 | BY10: 0 | BZ10: 0 | CA10: 0 | CB10: 0 | CC10: 0 | CD10: 0 | CE10: 0 | CF10: 0 | CG10: -0.017923399 | CH10: 0.66783493 | CI10: 6.4189325 | CJ10: 11.402113 | CK10: 0 | CL10: 0 | CM10: 0 | CN10: -0.14566977 | CO10: 4.6865924 | CP10: 0 | CQ10: 0 | CR10: 0 | CS10: 0 | CT10: 0 | CU10: 0 | CV10: 0.96347707 | CW10: 1.4723908 | CX10: 0.96347707 | CY10: 2.7118191 | CZ10: 0 | DA10: -0.81711972 | DB10: -0.05240356 | DC10: 0.10643042 | DD10: 0 | DE10: 0 | DF10: 0 | DG10: 94.595933 | DH10: -242.03201 | DI10: -234.47739 | DJ10: 45.30504 | DK10: 0.9687867 | DL10: 0.47893222 | DM10: 3.451008 | DN10: 1.1143109 | DO10: 10.415735 | DP10: 1.162 | DQ10: 100 | DR10: 47.777 | DS10: 3.5341664 | DT10: 25.445998
A12: Go4-26_BiggerDomain_FullCar_2_-4degyaw_15ms_Copy_Reports.csv | B12: -4 | C12: 15 | D12: 941.42909 | E12: 355.99431 | F12: =D12/(0.5*DP12*DN12*(DO12^2)) -> 5.974504 | H12: 2.2592136 | J12: 2.6736605 | K12: 1.0137633 | L12: 2.644506 | M12: 64.243045 | P12: 35.756955 | S12: 3.4037462 | T12: 3.1647045e-06 | U12: 0.00052264814 | V12: 1.2934946 | W12: 6.2486087e-06 | X12: 0.0019325335 | Y12: 64.159135 | Z12: 0.002398091 | AA12: 0.00076326321 | AB12: 348.69973 | AE12: 75.031258 | AG12: 271.31649 | AH12: 22.353834 | AI12: 16.893306 | AJ12: 8.3419868 | AK12: 8.7700526 | AL12: 9.8671483 | AM12: 10.075559 | AN12: 7.8911848 | AO12: 8.1878526 | AP12: 14.723756 | AQ12: 16.243321 | AR12: 1.8025061 | AS12: 2.9782367 | AT12: 6.39177 | AU12: 1.3704724 | AV12: 1.7997586 | AW12: 0 | AX12: 0 | AY12: 352.59323 | BA12: 178.20227 | BC12: 267.4067 | BD12: 76.484253 | BE12: 5.7217975 | BF12: 0 | BG12: 0 | BH12: 43.848816 | BI12: 97.350566 | BJ12: 31.932979 | BK12: 0 | BL12: 0 | BM12: -2.7413193 | BN12: 5.0699077 | BO12: 247.20415 | BQ12: 33.094199 | BS12: 0 | BT12: 0 | BU12: 0 | BV12: 0 | BW12: 0 | BX12: 0 | BY12: 0 | BZ12: 0 | CA12: 0 | CB12: 0 | CC12: 0 | CD12: 0 | CE12: 0 | CF12: 0 | CG12: -0.065552557 | CH12: 2.12613 | CI12: 19.784565 | CJ12: 43.203682 | CK12: 0 | CL12: 0 | CM12: 0 | CN12: 0.012560475 | CO12: 17.425517 | CP12: 0 | CQ12: 0 | CR12: 0 | CS12: 0 | CT12: 0 | CU12: 0 | CV12: 3.7113854 | CW12: 6.9005011 | CX12: 3.7113854 | CY12: 9.4699071 | CZ12: 0 | DA12: -2.4154166 | DB12: -0.094487622 | DC12: 0.22315145 | DD12: 0 | DE12: 0 | DF12: 0 | DG12: 355.99431 | DH12: -941.42909 | DI12: -888.81814 | DJ12: 168.35469 | DK12: 0.94411587 | DL12: 0.47291401 | DM12: 3.4516555 | DN12: 1.1142708 | DO12: 15.601252 | DP12: 1.162 | DQ12: 100 | DR12: 49.926 | DS12: 6.9451094 | DT12: 25.002394
A13: Go4-26_BiggerDomain_FullCar_2_NEG6degyaw_15ms_Reports.csv | B13: -6 | C13: 15 | D13: 547.05808 | E13: 211.61707 | F13: =D13/(0.5*DP13*DN13*(DO13^2)) -> 3.4915995 | H13: 1.3506465 | J13: 1.5625317 | K13: 0.60604563 | L13: 2.5851321 | M13: 63.15459 | P13: 36.84541 | S13: 3.4826994 | T13: 2.1407812e-07 | U13: 0.00013285263 | V13: 1.350686 | W13: 1.8701804e-07 | X13: 0.00032017496 | Y13: 63.166537 | Z13: 6.0484414e-05 | AA13: 0.00012312172 | AB13: 196.69877 | AE13: 42.296521 | AG13: 152.7595 | AH13: 12.68702 | AI13: 9.8131128 | AJ13: 4.6849154 | AK13: 5.036724 | AL13: 5.1457621 | AM13: 5.7660581 | AN13: 4.5759135 | AO13: 4.6188626 | AP13: 8.3799304 | AQ13: 9.1073939 | AR13: 0.99613238 | AS13: 1.6139653 | AT13: 3.6751014 | AU13: 0.77318693 | AV13: 0.98177562 | AW13: 0 | AX13: 0 | AY13: 207.45313 | BA13: 108.34345 | BC13: 155.55632 | BD13: 46.901452 | BE13: 3.2989054 | BF13: 0 | BG13: 0 | BH13: 27.111433 | BI13: 59.701818 | BJ13: 18.004509 | BK13: 0 | BL13: 0 | BM13: -1.6024497 | BN13: 3.5256863 | BO13: 144.66863 | BQ13: 19.817039 | BS13: 0 | BT13: 0 | BU13: 0 | BV13: 0 | BW13: 0 | BX13: 0 | BY13: 0 | BZ13: 0 | CA13: 0 | CB13: 0 | CC13: 0 | CD13: 0 | CE13: 0 | CF13: 0 | CG13: -0.040405494 | CH13: 1.3661222 | CI13: 13.427976 | CJ13: 26.005365 | CK13: 0 | CL13: 0 | CM13: 0 | CN13: -0.10026222 | CO13: 10.250487 | CP13: 0 | CQ13: 0 | CR13: 0 | CS13: 0 | CT13: 0 | CU13: 0 | CV13: 1.9343841 | CW13: 3.3250911 | CX13: 1.9343841 | CY13: 5.8384913 | CZ13: 0 | DA13: -1.9891943 | DB13: -0.062756259 | DC13: 0.15691928 | DD13: 0 | DE13: 0 | DF13: 0 | DG13: 211.61707 | DH13: -547.05808 | DI13: -528.06362 | DJ13: 101.59408 | DK13: 0.96527889 | DL13: 0.48008453 | DM13: 3.451008 | DN13: 1.1143109 | DO13: 15.556549 | DP13: 1.162 | DQ13: 100 | DR13: 44.234 | DS13: 3.4805294 | DT13: 25.059812
A14: Go4-26_BiggerDomain_FullCar_2_NEG8degyaw_15ms_Reports.csv | B14: -8 | C14: 15 | D14: 489.79078 | E14: 192.76463 | F14: =D14/(0.5*DP14*DN14*(DO14^2)) -> 3.1259409 | H14: 1.2302617 | J14: 1.3988952 | K14: 0.5520016 | L14: 2.5408748 | M14: 65.959935 | P14: 34.040065 | S14: 3.1305646 | T14: 3.6591412e-05 | U14: 0.001932266 | V14: 1.2361451 | W14: 1.0839797e-05 | X14: 0.002663429 | Y14: 65.722239 | Z14: 0.012896463 | AA14: 0.0017279173 | AB14: 189.17215 | AE14: 40.115797 | AG14: 147.73684 | AH14: 12.111425 | AI14: 8.9842108 | AJ14: 4.5373566 | AK14: 4.5834938 | AL14: 5.1298098 | AM14: 5.4823031 | AN14: 4.1551802 | AO14: 4.4887223 | AP14: 7.8382453 | AQ14: 8.7287853 | AR14: 0.97774387 | AS14: 1.5122901 | AT14: 3.472398 | AU14: 0.74548761 | AV14: 0.9654056 | AW14: 0 | AX14: 0 | AY14: 177.09612 | BA14: 92.319982 | BC14: 134.12035 | BD14: 38.358057 | BE14: 2.9983312 | BF14: 0 | BG14: 0 | BH14: 22.070048 | BI14: 49.938612 | BJ14: 17.625513 | BK14: 0 | BL14: 0 | BM14: -1.3789565 | BN14: 2.6858077 | BO14: 128.36211 | BQ14: 17.70737 | BS14: 0 | BT14: 0 | BU14: 0 | BV14: 0 | BW14: 0 | BX14: 0 | BY14: 0 | BZ14: 0 | CA14: 0 | CB14: 0 | CC14: 0 | CD14: 0 | CE14: 0 | CF14: 0 | CG14: -0.16253244 | CH14: 1.1679871 | CI14: 12.153773 | CJ14: 24.116474 | CK14: 0 | CL14: 0 | CM14: 0 | CN14: -0.26803343 | CO14: 9.5028 | CP14: 0 | CQ14: 0 | CR14: 0 | CS14: 0 | CT14: 0 | CU14: 0 | CV14: 2.9032707 | CW14: 6.7355774 | CX14: 2.9032707 | CY14: 5.3371911 | CZ14: 0 | DA14: -0.11641647 | DB14: -0.49550286 | DC14: 0.17173051 | DD14: 0 | DE14: 0 | DF14: 0 | DG14: 192.76463 | DH14: -489.79078 | DI14: -446.06941 | DJ14: 88.305504 | DK14: 0.9107346 | DL14: 0.45810014 | DM14: 3.4510638 | DN14: 1.1143643 | DO14: 15.556549 | DP14: 1.162 | DQ14: 100 | DR14: 44.936 | DS14: 3.8150664 | DT14: 27.468478
S18: Lift Correction | T18: Drag Correction | U18: Front Lift Correction | W18: Kfw | X18: Krw | Y18: Kside
S19: ='25 WT Data'!L2/'25 CFD Data'!H2 -> 1.0186784 | T19: ='25 WT Data'!J2/'25 CFD Data'!I2 -> 1.0296246 | U19: ='25 WT Data'!N2/'25 CFD Data'!V2 -> 0.94277413 | V19: ='25 WT Data'!P2/'25 CFD Data'!X2 -> 1.5965535
S20: ='25 WT Data'!L3/'25 CFD Data'!H3 -> 1.0529528 | T20: ='25 WT Data'!J3/'25 CFD Data'!I3 -> 1.1020827 | U20: ='25 WT Data'!N3/'25 CFD Data'!V3 -> 0.99599551 | V20: ='25 WT Data'!P3/'25 CFD Data'!X3 -> 1.8070359
S21: ='25 WT Data'!L4/'25 CFD Data'!H4 -> 0.94719255 | T21: ='25 WT Data'!J4/'25 CFD Data'!I4 -> 1.0476462 | U21: ='25 WT Data'!N4/'25 CFD Data'!V4 -> 0.8692375 | V21: ='25 WT Data'!P4/'25 CFD Data'!X4 -> 1.972457
S22: ='25 WT Data'!L5/'25 CFD Data'!H5 -> 1.1238765 | T22: ='25 WT Data'!J5/'25 CFD Data'!I5 -> 1.1475058 | U22: ='25 WT Data'!N5/'25 CFD Data'!V5 -> 1.0364123 | V22: ='25 WT Data'!P5/'25 CFD Data'!X5 -> 2.8131108
S23: ='25 WT Data'!L6/'25 CFD Data'!H6 -> 0.97518621 | T23: ='25 WT Data'!J6/'25 CFD Data'!I6 -> 1.0574317 | U23: ='25 WT Data'!N6/'25 CFD Data'!V6 -> 0.88082819 | V23: ='25 WT Data'!P6/'25 CFD Data'!X6 -> 3.192033
